wall_time,mcu_ts_ms,lat,lon,pos_east_m,pos_north_m,vel_e_ms,vel_n_ms,vel_u_ms,speed_ms,speed_kmh,roll_deg,pitch_deg,yaw_deg,ax_world,ay_world,az_world,ab_fwd_ms2,ab_lat_ms2,ab_up_ms2,condition
2026-04-23T11:44:20.045,515333,-6.35878233,107.29261533,0.000,0.000,0.0000,0.0000,0.0000,0.0000,0.00,0.119,9.759,0.000,-0.0010,-0.0013,-8.8012,1.4909,-0.0193,-8.6740,STATIONARY
2026-04-23T11:44:20.055,515343,-6.35878233,107.29261533,-0.000,-0.000,-0.0000,-0.0000,-0.0880,0.0880,0.32,0.115,9.763,-0.006,-0.0031,-0.0022,-8.8023,1.4895,-0.0196,-8.6754,STATIONARY
2026-04-23T11:44:20.065,515353,-6.35878233,107.29261533,-0.000,-0.000,-0.0001,-0.0001,-0.1760,0.1760,0.63,0.112,9.768,-0.012,-0.0059,-0.0032,-8.7974,1.4868,-0.0202,-8.6708,STATIONARY
2026-04-23T11:44:20.075,515363,-6.35878233,107.29261533,-0.000,-0.000,-0.0000,0.0000,-0.2640,0.2640,0.95,0.113,9.775,-0.017,0.0060,0.0093,-8.7981,1.4996,-0.0079,-8.6694,STATIONARY
2026-04-23T11:44:20.084,515372,-6.35878233,107.29261533,-0.000,-0.000,-0.0000,0.0000,-0.3431,0.3431,1.24,0.111,9.783,-0.023,-0.0007,0.0000,-8.7947,1.4936,-0.0168,-8.6670,STATIONARY
2026-04-23T11:44:20.095,515383,-6.35878233,107.29261533,-0.000,0.000,-0.0000,0.0000,-0.4399,0.4399,1.58,0.112,9.793,-0.029,0.0034,-0.0007,-8.7994,1.5001,-0.0177,-8.6706,STATIONARY
2026-04-23T11:44:20.105,515393,-6.35878233,107.29261533,-0.000,0.000,0.0000,0.0001,-0.5280,0.5280,1.90,0.112,9.800,-0.035,0.0022,0.0047,-8.8043,1.5007,-0.0123,-8.6755,NORMAL
2026-04-23T11:44:20.115,515402,-6.35878233,107.29261533,-0.000,0.000,0.0000,0.0001,-0.6073,0.6073,2.19,0.109,9.803,-0.041,-0.0000,-0.0028,-8.8161,1.5011,-0.0193,-8.6874,NORMAL
2026-04-23T11:44:20.125,515413,-6.35878233,107.29261533,-0.000,0.000,0.0001,0.0001,-0.7041,0.7041,2.53,0.102,9.804,-0.047,0.0034,0.0024,-8.7991,1.5017,-0.0130,-8.6700,NORMAL
2026-04-23T11:44:20.135,515423,-6.35878233,107.29261533,-0.000,0.000,0.0000,0.0000,-0.7921,0.7921,2.85,0.095,9.804,-0.052,-0.0012,-0.0046,-8.8030,1.4977,-0.0190,-8.6747,NORMAL
2026-04-23T11:44:20.145,515433,-6.35878233,107.29261533,-0.000,0.000,0.0001,0.0000,-0.8803,0.8803,3.17,0.090,9.803,-0.058,0.0024,0.0014,-8.8121,1.5026,-0.0122,-8.6830,NORMAL
2026-04-23T11:44:20.155,515443,-6.35878233,107.29261533,0.000,0.000,0.0001,0.0001,-0.9682,0.9682,3.49,0.082,9.804,-0.065,0.0050,0.0042,-8.7929,1.5021,-0.0083,-8.6637,NORMAL
2026-04-23T11:44:20.165,515452,-6.35878233,107.29261533,0.000,0.000,0.0001,0.0001,-1.0475,1.0475,3.77,0.079,9.805,-0.070,-0.0001,-0.0033,-8.8082,1.4998,-0.0152,-8.6795,NORMAL
2026-04-23T11:44:20.175,515463,-6.35878233,107.29261533,0.000,0.000,0.0002,0.0001,-1.1442,1.1442,4.12,0.073,9.807,-0.077,0.0076,0.0051,-8.7968,1.5058,-0.0059,-8.6670,NORMAL
2026-04-23T11:44:20.185,515473,-6.35878233,107.29261533,0.000,0.000,0.0002,0.0001,-1.2322,1.2322,4.44,0.069,9.810,-0.083,0.0055,0.0037,-8.7947,1.5039,-0.0068,-8.6652,NORMAL
2026-04-23T11:44:20.195,515483,-6.35878233,107.29261533,0.000,0.000,0.0003,0.0001,-1.3203,1.3203,4.75,0.065,9.813,-0.089,0.0053,-0.0009,-8.8120,1.5071,-0.0107,-8.6822,NORMAL
2026-04-23T11:44:20.204,515493,-6.35878233,107.29261533,0.000,0.000,0.0003,0.0001,-1.4083,1.4083,5.07,0.059,9.815,-0.096,0.0043,-0.0035,-8.8022,1.5048,-0.0123,-8.6726,NORMAL
2026-04-23T11:44:20.215,515503,-6.35878233,107.29261533,0.000,0.000,0.0004,0.0001,-1.4964,1.4964,5.39,0.055,9.816,-0.103,0.0047,0.0008,-8.8112,1.5068,-0.0075,-8.6814,NORMAL
2026-04-23T11:44:20.225,515513,-6.35878233,107.29261533,-0.000,-0.000,0.0001,0.0000,-0.3871,0.3871,1.39,0.051,9.817,-0.110,0.0065,0.0023,-8.7904,1.5052,-0.0054,-8.6606,STATIONARY
2026-04-23T11:44:20.235,515523,-6.35878233,107.29261533,-0.000,-0.000,0.0001,-0.0000,-0.4753,0.4753,1.71,0.049,9.824,-0.116,-0.0009,-0.0064,-8.8154,1.5031,-0.0138,-8.6862,STATIONARY
2026-04-23T11:44:20.404,515532,-6.35878233,107.29261533,-0.000,-0.000,0.0002,0.0000,-0.5544,0.5544,2.00,0.047,9.832,-0.122,0.0031,0.0048,-8.7930,1.5046,-0.0022,-8.6633,NORMAL
2026-04-23T11:44:20.404,515543,-6.35878233,107.29261533,-0.000,-0.000,0.0002,0.0001,-0.6511,0.6511,2.34,0.049,9.847,-0.129,0.0049,0.0072,-8.7917,1.5084,-0.0003,-8.6614,NORMAL
2026-04-23T11:44:20.405,515553,-6.35878233,107.29261533,-0.000,-0.000,0.0002,0.0001,-0.7392,0.7392,2.66,0.052,9.864,-0.135,-0.0023,-0.0028,-8.8043,1.5060,-0.0107,-8.6746,NORMAL
2026-04-23T11:44:20.405,515563,-6.35878233,107.29261533,-0.000,-0.000,0.0002,0.0001,-0.8271,0.8271,2.98,0.057,9.880,-0.142,0.0041,0.0027,-8.7962,1.5133,-0.0059,-8.6651,NORMAL
2026-04-23T11:44:20.405,515572,-6.35878233,107.29261533,-0.000,-0.000,0.0002,0.0001,-0.9064,0.9064,3.26,0.059,9.892,-0.149,-0.0004,0.0034,-8.8036,1.5120,-0.0055,-8.6728,NORMAL
2026-04-23T11:44:20.406,515583,-6.35878233,107.29261533,-0.000,0.000,0.0002,0.0002,-1.0032,1.0032,3.61,0.061,9.906,-0.156,0.0028,0.0031,-8.8024,1.5171,-0.0061,-8.6706,NORMAL
2026-04-23T11:44:20.406,515593,-6.35878233,107.29261533,-0.000,0.000,0.0002,0.0002,-1.0913,1.0913,3.93,0.061,9.914,-0.163,0.0003,0.0002,-8.8133,1.5176,-0.0090,-8.6816,NORMAL
2026-04-23T11:44:20.406,515603,-6.35878233,107.29261533,-0.000,0.000,0.0002,0.0002,-1.1793,1.1793,4.25,0.055,9.917,-0.170,0.0006,0.0054,-8.7960,1.5155,-0.0029,-8.6645,NORMAL
2026-04-23T11:44:20.407,515612,-6.35878233,107.29261533,-0.000,0.000,0.0003,0.0002,-1.2585,1.2585,4.53,0.051,9.919,-0.176,0.0024,-0.0006,-8.8003,1.5182,-0.0083,-8.6683,NORMAL
2026-04-23T11:44:20.407,515623,-6.35878233,107.29261533,-0.000,0.000,0.0002,0.0003,-1.3555,1.3555,4.88,0.044,9.917,-0.182,-0.0025,0.0039,-8.8170,1.5159,-0.0029,-8.6857,NORMAL
2026-04-23T11:44:20.407,515633,-6.35878233,107.29261533,-0.000,0.000,0.0003,0.0003,-1.4434,1.4434,5.20,0.039,9.918,-0.187,0.0055,0.0059,-8.7897,1.5193,0.0001,-8.6574,NORMAL
2026-04-23T11:44:20.407,515643,-6.35878233,107.29261533,-0.000,0.000,0.0003,0.0003,-1.5313,1.5313,5.51,0.033,9.921,-0.194,0.0031,0.0014,-8.7952,1.5183,-0.0036,-8.6631,NORMAL
2026-04-23T11:44:20.408,515652,-6.35878233,107.29261533,-0.000,0.000,0.0003,0.0003,-1.6106,1.6106,5.80,0.029,9.921,-0.199,0.0006,0.0005,-8.8076,1.5181,-0.0038,-8.6758,NORMAL
2026-04-23T11:44:20.408,515663,-6.35878233,107.29261533,-0.000,0.000,0.0004,0.0004,-1.7074,1.7074,6.15,0.022,9.919,-0.204,0.0100,0.0050,-8.8021,1.5260,0.0017,-8.6688,NORMAL
2026-04-23T11:44:20.408,515673,-6.35878233,107.29261533,0.000,0.000,0.0005,0.0004,-1.7954,1.7954,6.46,0.011,9.916,-0.209,0.0025,0.0008,-8.7949,1.5169,-0.0008,-8.6630,NORMAL
2026-04-23T11:44:20.408,515683,-6.35878233,107.29261533,0.000,0.000,0.0005,0.0003,-1.8835,1.8835,6.78,0.003,9.909,-0.215,0.0038,-0.0049,-8.8122,1.5202,-0.0054,-8.6801,NORMAL
2026-04-23T11:44:20.408,515693,-6.35878233,107.29261533,0.000,0.000,0.0006,0.0004,-1.9716,1.9716,7.10,-0.007,9.900,-0.219,0.0058,0.0057,-8.8086,1.5201,0.0069,-8.6765,NORMAL
2026-04-23T11:44:20.414,515702,-6.35878233,107.29261533,0.000,0.000,0.0006,0.0004,-2.0507,2.0507,7.38,-0.017,9.895,-0.224,0.0082,0.0027,-8.7942,1.5193,0.0053,-8.6619,NORMAL
2026-04-23T11:44:20.425,515713,-6.35878233,107.29261533,0.000,0.000,0.0006,0.0004,-2.1476,2.1476,7.73,-0.025,9.891,-0.231,0.0001,-0.0052,-8.8062,1.5128,-0.0015,-8.6752,NORMAL
2026-04-23T11:44:20.435,515723,-6.35878233,107.29261533,0.000,0.000,0.0007,0.0004,-2.2357,2.2357,8.05,-0.030,9.889,-0.237,0.0046,0.0000,-8.8114,1.5179,0.0045,-8.6797,NORMAL
2026-04-23T11:44:20.571,515732,-6.35878233,107.29261533,0.000,0.000,0.0008,0.0004,-2.3148,2.3148,8.33,-0.033,9.893,-0.243,0.0131,0.0076,-8.7916,1.5233,0.0126,-8.6586,NORMAL
2026-04-23T11:44:20.572,515743,-6.35878233,107.29261533,0.000,0.000,0.0008,0.0004,-2.4115,2.4115,8.68,-0.037,9.904,-0.251,0.0015,-0.0033,-8.7922,1.5138,0.0023,-8.6609,NORMAL
2026-04-23T11:44:20.572,515752,-6.35878233,107.29261533,0.000,0.000,0.0008,0.0003,-2.4908,2.4908,8.97,-0.036,9.912,-0.256,0.0012,-0.0062,-8.8035,1.5165,-0.0007,-8.6719,NORMAL
2026-04-23T11:44:20.572,515763,-6.35878233,107.29261533,0.000,0.000,0.0010,0.0004,-2.5875,2.5875,9.32,-0.037,9.918,-0.263,0.0116,0.0079,-8.7972,1.5266,0.0135,-8.6637,NORMAL
2026-04-23T11:44:20.573,515773,-6.35878233,107.29261533,0.000,0.000,0.0010,0.0004,-2.6755,2.6755,9.63,-0.039,9.926,-0.270,0.0030,0.0021,-8.7989,1.5196,0.0081,-8.6666,NORMAL
2026-04-23T11:44:20.573,515783,-6.35878233,107.29261533,0.000,0.000,0.0010,0.0004,-2.7635,2.7635,9.95,-0.041,9.931,-0.277,-0.0030,-0.0061,-8.7998,1.5146,0.0001,-8.6685,NORMAL
2026-04-23T11:44:20.573,515792,-6.35878233,107.29261533,0.000,0.000,0.0010,0.0004,-2.8427,2.8427,10.23,-0.043,9.934,-0.282,0.0046,0.0027,-8.7974,1.5222,0.0092,-8.6647,NORMAL
2026-04-23T11:44:20.574,515803,-6.35878233,107.29261533,0.000,0.000,0.0011,0.0004,-2.9394,2.9394,10.58,-0.047,9.939,-0.288,0.0056,0.0040,-8.7923,1.5230,0.0110,-8.6594,NORMAL
2026-04-23T11:44:20.574,515813,-6.35878233,107.29261533,0.000,0.000,0.0010,0.0004,-3.0274,3.0274,10.90,-0.048,9.946,-0.295,-0.0006,-0.0018,-8.7947,1.5185,0.0054,-8.6626,NORMAL
2026-04-23T11:44:20.575,515822,-6.35878233,107.29261533,0.000,0.000,0.0011,0.0004,-3.1066,3.1066,11.18,-0.047,9.954,-0.301,0.0019,-0.0014,-8.8050,1.5239,0.0057,-8.6722,NORMAL
2026-04-23T11:44:20.575,515832,-6.35878233,107.29261533,0.000,0.000,0.0011,0.0005,-3.1944,3.1944,11.50,-0.047,9.963,-0.308,0.0059,0.0074,-8.7849,1.5256,0.0145,-8.6514,NORMAL
2026-04-23T11:44:20.575,515843,-6.35878233,107.29261533,0.000,0.000,0.0012,0.0005,-3.2912,3.2912,11.85,-0.044,9.975,-0.315,0.0037,0.0025,-8.7969,1.5274,0.0092,-8.6632,NORMAL
2026-04-23T11:44:20.576,515852,-6.35878233,107.29261533,0.000,0.000,0.0012,0.0005,-3.3704,3.3704,12.13,-0.046,9.981,-0.322,0.0022,0.0032,-8.8020,1.5277,0.0102,-8.6684,NORMAL
2026-04-23T11:44:20.576,515863,-6.35878233,107.29261533,0.000,0.000,0.0012,0.0006,-3.4672,3.4672,12.48,-0.049,9.986,-0.329,0.0059,0.0030,-8.8009,1.5320,0.0105,-8.6666,NORMAL
2026-04-23T11:44:20.584,515873,-6.35878233,107.29261533,0.000,0.000,0.0013,0.0006,-3.5553,3.5553,12.80,-0.055,9.986,-0.336,0.0036,0.0041,-8.8057,1.5305,0.0125,-8.6717,NORMAL
2026-04-23T11:44:20.594,515883,-6.35878233,107.29261533,0.000,0.000,0.0014,0.0007,-3.6433,3.6433,13.12,-0.063,9.984,-0.343,0.0071,0.0062,-8.7957,1.5319,0.0158,-8.6612,NORMAL
2026-04-23T11:44:20.605,515893,-6.35878233,107.29261533,0.000,0.000,0.0014,0.0007,-3.7314,3.7314,13.43,-0.071,9.982,-0.349,0.0048,0.0014,-8.8139,1.5326,0.0123,-8.6796,NORMAL
2026-04-23T11:44:20.615,515903,-6.35878233,107.29261534,0.000,0.000,0.0015,0.0007,-3.8193,3.8193,13.75,-0.081,9.979,-0.356,0.0065,0.0055,-8.7946,1.5304,0.0178,-8.6604,NORMAL
2026-04-23T11:44:20.625,515913,-6.35878233,107.29261534,0.000,0.000,0.0016,0.0008,-3.9074,3.9074,14.07,-0.088,9.979,-0.363,0.0112,0.0051,-8.8056,1.5369,0.0185,-8.6704,NORMAL
2026-04-23T11:44:20.635,515923,-6.35878233,107.29261534,0.000,0.000,0.0016,0.0008,-3.9955,3.9955,14.38,-0.098,9.981,-0.371,0.0056,0.0021,-8.8096,1.5323,0.0170,-8.6753,NORMAL
2026-04-23T11:44:20.831,515933,-6.35878233,107.29261534,0.000,0.000,0.0017,0.0008,-4.0835,4.0835,14.70,-0.107,9.983,-0.379,0.0116,0.0040,-8.7967,1.5363,0.0202,-8.6615,NORMAL
2026-04-23T11:44:20.831,515943,-6.35878233,107.29261534,0.000,0.000,0.0019,0.0009,-4.1716,4.1716,15.02,-0.118,9.982,-0.388,0.0118,0.0049,-8.8181,1.5401,0.0228,-8.6825,NORMAL
2026-04-23T11:44:20.831,515953,-6.35878233,107.29261534,0.000,0.000,0.0020,0.0010,-4.2597,4.2597,15.33,-0.132,9.983,-0.398,0.0118,0.0076,-8.8045,1.5379,0.0277,-8.6691,NORMAL
2026-04-23T11:44:20.832,515963,-6.35878233,107.29261534,0.000,0.000,0.0020,0.0009,-4.3477,4.3477,15.65,-0.142,9.984,-0.406,0.0062,-0.0054,-8.7978,1.5315,0.0161,-8.6634,NORMAL
2026-04-23T11:44:20.832,515972,-6.35878233,107.29261534,0.000,0.000,0.0021,0.0009,-4.4270,4.4270,15.94,-0.148,9.982,-0.413,0.0073,0.0015,-8.8096,1.5343,0.0239,-8.6750,NORMAL
2026-04-23T11:44:20.832,515982,-6.35878233,107.29261534,0.000,0.000,0.0023,0.0011,-4.5150,4.5150,16.25,-0.151,9.982,-0.420,0.0186,0.0132,-8.8091,1.5453,0.0363,-8.6725,NORMAL
2026-04-23T11:44:20.833,515992,-6.35878233,107.29261534,0.000,0.000,0.0024,0.0011,-4.6030,4.6030,16.57,-0.159,9.989,-0.427,0.0068,0.0005,-8.7978,1.5327,0.0246,-8.6633,NORMAL
2026-04-23T11:44:20.833,516003,-6.35878233,107.29261534,0.000,0.000,0.0024,0.0011,-4.6998,4.6998,16.92,-0.162,9.999,-0.433,0.0059,0.0001,-8.7954,1.5330,0.0246,-8.6608,NORMAL
2026-04-23T11:44:20.833,516012,-6.35878234,107.29261531,-0.002,-0.001,-0.0026,-0.0016,-2.6732,2.6732,9.62,-0.085,9.845,-0.426,0.0079,0.0010,-8.7495,1.5037,0.0139,-8.6193,NORMAL
2026-04-23T11:44:20.833,516022,-6.35878234,107.29261531,-0.002,-0.001,-0.0026,-0.0015,-2.7605,2.7605,9.94,-0.085,9.858,-0.434,0.0054,0.0057,-8.7295,1.4999,0.0185,-8.5997,NORMAL
2026-04-23T11:44:20.834,516032,-6.35878234,107.29261531,-0.002,-0.001,-0.0025,-0.0015,-2.8480,2.8480,10.25,-0.082,9.871,-0.439,0.0078,0.0021,-8.7472,1.5072,0.0146,-8.6164,NORMAL
2026-04-23T11:44:20.834,516043,-6.35878234,107.29261531,-0.002,-0.001,-0.0025,-0.0015,-2.9442,2.9442,10.60,-0.083,9.884,-0.446,0.0023,0.0007,-8.7502,1.5042,0.0132,-8.6199,NORMAL
2026-04-23T11:44:20.834,516053,-6.35878235,107.29261531,-0.002,-0.001,-0.0024,-0.0015,-3.0316,3.0316,10.91,-0.085,9.892,-0.452,0.0056,0.0027,-8.7376,1.5065,0.0155,-8.6067,NORMAL
2026-04-23T11:44:20.834,516062,-6.35878235,107.29261531,-0.003,-0.001,-0.0024,-0.0015,-3.1103,3.1103,11.20,-0.088,9.897,-0.459,0.0021,-0.0031,-8.7441,1.5050,0.0102,-8.6136,NORMAL
2026-04-23T11:44:20.834,516073,-6.35878235,107.29261531,-0.003,-0.001,-0.0024,-0.0015,-3.2066,3.2066,11.54,-0.095,9.904,-0.466,0.0004,-0.0047,-8.7527,1.5059,0.0097,-8.6222,NORMAL
2026-04-23T11:44:20.835,516082,-6.35878235,107.29261531,-0.003,-0.001,-0.0024,-0.0016,-3.2852,3.2852,11.83,-0.100,9.909,-0.473,-0.0001,-0.0028,-8.7353,1.5032,0.0121,-8.6050,NORMAL
2026-04-23T11:44:20.835,516092,-6.35878235,107.29261531,-0.003,-0.001,-0.0024,-0.0016,-3.3726,3.3726,12.14,-0.100,9.920,-0.480,-0.0022,-0.0050,-8.7411,1.5038,0.0101,-8.6108,NORMAL
2026-04-23T11:44:20.835,516103,-6.35878235,107.29261531,-0.003,-0.001,-0.0024,-0.0016,-3.4688,3.4688,12.49,-0.100,9.933,-0.488,0.0010,-0.0024,-8.7438,1.5094,0.0127,-8.6126,NORMAL
2026-04-23T11:44:20.835,516112,-6.35878235,107.29261531,-0.003,-0.001,-0.0024,-0.0016,-3.5474,3.5474,12.77,-0.100,9.944,-0.494,0.0006,0.0003,-8.7348,1.5090,0.0154,-8.6035,NORMAL
2026-04-23T11:44:20.835,516122,-6.35878235,107.29261531,-0.003,-0.001,-0.0024,-0.0016,-3.6348,3.6348,13.09,-0.099,9.956,-0.501,0.0028,0.0015,-8.7419,1.5142,0.0164,-8.6097,NORMAL
2026-04-23T11:44:20.992,516133,-6.35878235,107.29261531,-0.003,-0.001,-0.0025,-0.0017,-3.7311,3.7311,13.43,-0.102,9.967,-0.509,-0.0043,-0.0040,-8.7522,1.5107,0.0113,-8.6208,NORMAL
2026-04-23T11:44:20.992,516143,-6.35878235,107.29261531,-0.003,-0.001,-0.0024,-0.0017,-3.8186,3.8186,13.75,-0.104,9.973,-0.516,0.0017,-0.0023,-8.7515,1.5172,0.0134,-8.6190,NORMAL
2026-04-23T11:44:20.993,516153,-6.35878235,107.29261531,-0.003,-0.001,-0.0024,-0.0016,-3.9060,3.9060,14.06,-0.111,9.975,-0.523,0.0056,0.0068,-8.7398,1.5193,0.0236,-8.6067,NORMAL
2026-04-23T11:44:20.993,516163,-6.35878235,107.29261531,-0.003,-0.002,-0.0024,-0.0017,-3.9935,3.9935,14.38,-0.120,9.976,-0.532,-0.0027,-0.0100,-8.7525,1.5136,0.0079,-8.6206,NORMAL
2026-04-23T11:44:20.993,516172,-6.35878235,107.29261531,-0.003,-0.002,-0.0024,-0.0017,-4.0723,4.0723,14.66,-0.128,9.974,-0.539,-0.0007,-0.0019,-8.7496,1.5148,0.0174,-8.6175,NORMAL
2026-04-23T11:44:20.993,516183,-6.35878235,107.29261531,-0.003,-0.002,-0.0024,-0.0017,-4.1684,4.1684,15.01,-0.136,9.971,-0.547,0.0054,0.0046,-8.7373,1.5182,0.0251,-8.6044,NORMAL
2026-04-23T11:44:20.993,516193,-6.35878235,107.29261531,-0.003,-0.002,-0.0023,-0.0017,-4.2559,4.2559,15.32,-0.143,9.971,-0.555,0.0046,0.0006,-8.7545,1.5204,0.0221,-8.6214,NORMAL
2026-04-23T11:44:20.994,516202,-6.35878235,107.29261531,-0.003,-0.002,-0.0023,-0.0017,-4.3345,4.3345,15.60,-0.151,9.972,-0.562,0.0036,0.0000,-8.7320,1.5156,0.0228,-8.5995,NORMAL
2026-04-23T11:44:20.994,516213,-6.35878235,107.29261531,-0.003,-0.002,-0.0022,-0.0017,-4.4308,4.4308,15.95,-0.158,9.969,-0.571,0.0076,-0.0021,-8.7483,1.5220,0.0217,-8.6149,NORMAL
2026-04-23T11:44:20.994,516223,-6.35878235,107.29261531,-0.003,-0.002,-0.0021,-0.0017,-4.5182,4.5182,16.27,-0.168,9.965,-0.580,0.0116,0.0024,-8.7483,1.5252,0.0278,-8.6143,NORMAL
2026-04-23T11:44:20.994,516232,-6.35878235,107.29261531,-0.003,-0.002,-0.0020,-0.0018,-4.5970,4.5970,16.55,-0.179,9.959,-0.588,0.0055,-0.0081,-8.7475,1.5184,0.0188,-8.6147,NORMAL
2026-04-23T11:44:20.994,516243,-6.35878235,107.29261531,-0.003,-0.002,-0.0019,-0.0018,-4.6932,4.6932,16.90,-0.192,9.950,-0.598,0.0091,-0.0030,-8.7521,1.5212,0.0261,-8.6189,NORMAL
2026-04-23T11:44:20.995,516253,-6.35878235,107.29261531,-0.003,-0.002,-0.0018,-0.0018,-4.7807,4.7807,17.21,-0.206,9.941,-0.608,0.0153,0.0036,-8.7416,1.5241,0.0347,-8.6077,NORMAL
2026-04-23T11:44:20.995,516262,-6.35878235,107.29261531,-0.003,-0.002,-0.0017,-0.0018,-4.8595,4.8595,17.49,-0.217,9.932,-0.616,0.0062,-0.0064,-8.7576,1.5167,0.0263,-8.6253,NORMAL
2026-04-23T11:44:20.995,516273,-6.35878235,107.29261531,-0.003,-0.002,-0.0016,-0.0018,-4.9556,4.9556,17.84,-0.232,9.923,-0.627,0.0060,-0.0012,-8.7356,1.5113,0.0338,-8.6038,NORMAL
2026-04-23T11:44:20.995,516283,-6.35878235,107.29261531,-0.003,-0.002,-0.0015,-0.0018,-5.0431,5.0431,18.16,-0.242,9.918,-0.634,0.0109,0.0001,-8.7498,1.5178,0.0366,-8.6171,NORMAL
2026-04-23T11:44:21.004,516292,-6.35878235,107.29261531,-0.003,-0.002,-0.0014,-0.0018,-5.1218,5.1218,18.44,-0.249,9.916,-0.641,0.0124,0.0051,-8.7456,1.5182,0.0427,-8.6128,NORMAL
2026-04-23T11:44:21.015,516303,-6.35878235,107.29261531,-0.003,-0.002,-0.0013,-0.0017,-5.2177,5.2177,18.78,-0.255,9.920,-0.649,0.0150,0.0046,-8.7238,1.5176,0.0429,-8.5907,NORMAL
2026-04-23T11:44:21.025,516312,-6.35878235,107.29261531,-0.003,-0.002,-0.0012,-0.0018,-5.2966,5.2966,19.07,-0.257,9.923,-0.657,0.0101,-0.0045,-8.7603,1.5196,0.0343,-8.6274,NORMAL
2026-04-23T11:44:21.035,516323,-6.35878235,107.29261531,-0.003,-0.002,-0.0010,-0.0017,-5.3928,5.3928,19.41,-0.263,9.929,-0.666,0.0199,0.0070,-8.7469,1.5277,0.0467,-8.6124,NORMAL
2026-04-23T11:44:21.176,516333,-6.35878249,107.29261528,-0.006,-0.018,-0.0021,-0.0102,-5.4790,5.4790,19.72,-0.243,9.931,-0.671,0.0135,0.0045,-8.7351,1.5198,0.0412,-8.6018,NORMAL
2026-04-23T11:44:21.177,516343,-6.35878262,107.29261526,-0.008,-0.032,-0.0032,-0.0177,-5.5652,5.5652,20.03,-0.223,9.938,-0.676,0.0075,-0.0017,-8.7400,1.5158,0.0318,-8.6075,NORMAL
2026-04-23T11:44:21.178,516353,-6.35878262,107.29261526,-0.008,-0.032,-0.0031,-0.0176,-5.6527,5.6528,20.35,-0.218,9.949,-0.683,0.0100,0.0050,-8.7530,1.5221,0.0378,-8.6196,NORMAL
2026-04-23T11:44:21.179,516362,-6.35878263,107.29261526,-0.008,-0.033,-0.0030,-0.0175,-5.7315,5.7315,20.63,-0.215,9.962,-0.690,0.0120,0.0107,-8.7499,1.5254,0.0432,-8.6158,NORMAL
2026-04-23T11:44:21.179,516373,-6.35878263,107.29261526,-0.008,-0.033,-0.0029,-0.0174,-5.8276,5.8276,20.98,-0.208,9.987,-0.700,0.0123,0.0109,-8.7372,1.5272,0.0423,-8.6026,NORMAL
2026-04-23T11:44:21.180,516382,-6.35878263,107.29261526,-0.008,-0.033,-0.0028,-0.0174,-5.9063,5.9064,21.26,-0.200,10.009,-0.707,0.0023,0.0013,-8.7505,1.5231,0.0313,-8.6169,NORMAL
2026-04-23T11:44:21.180,516393,-6.35878263,107.29261526,-0.008,-0.033,-0.0027,-0.0173,-6.0025,6.0025,21.61,-0.186,10.037,-0.714,0.0097,0.0081,-8.7371,1.5322,0.0362,-8.6016,NORMAL
2026-04-23T11:44:21.181,516402,-6.35878263,107.29261526,-0.008,-0.033,-0.0026,-0.0171,-6.0812,6.0812,21.89,-0.174,10.057,-0.719,0.0153,0.0207,-8.7467,1.5422,0.0470,-8.6096,NORMAL
2026-04-23T11:44:21.181,516413,-6.35878263,107.29261526,-0.008,-0.033,-0.0026,-0.0171,-6.1775,6.1775,22.24,-0.166,10.080,-0.728,0.0019,0.0046,-8.7586,1.5348,0.0295,-8.6231,NORMAL
2026-04-23T11:44:21.182,516423,-6.35878264,107.29261526,-0.008,-0.034,-0.0025,-0.0170,-6.2650,6.2650,22.55,-0.159,10.095,-0.734,0.0080,0.0117,-8.7445,1.5405,0.0358,-8.6077,NORMAL
2026-04-23T11:44:21.182,516432,-6.35878264,107.29261526,-0.008,-0.034,-0.0024,-0.0168,-6.3437,6.3438,22.84,-0.156,10.104,-0.740,0.0075,0.0175,-8.7529,1.5427,0.0411,-8.6158,NORMAL
2026-04-23T11:44:21.183,516443,-6.35878264,107.29261526,-0.008,-0.034,-0.0024,-0.0167,-6.4400,6.4400,23.18,-0.154,10.114,-0.747,0.0072,0.0121,-8.7468,1.5429,0.0353,-8.6096,NORMAL
2026-04-23T11:44:21.183,516453,-6.35878264,107.29261526,-0.008,-0.034,-0.0023,-0.0165,-6.5274,6.5274,23.50,-0.156,10.121,-0.753,0.0079,0.0180,-8.7457,1.5444,0.0416,-8.6082,NORMAL
2026-04-23T11:44:21.184,516463,-6.35878264,107.29261526,-0.008,-0.034,-0.0022,-0.0164,-6.6149,6.6149,23.81,-0.159,10.126,-0.758,0.0072,0.0122,-8.7445,1.5443,0.0362,-8.6070,NORMAL
2026-04-23T11:44:21.184,516473,-6.35878264,107.29261526,-0.008,-0.034,-0.0021,-0.0162,-6.7023,6.7023,24.13,-0.161,10.130,-0.763,0.0137,0.0173,-8.7447,1.5514,0.0417,-8.6059,NORMAL
2026-04-23T11:44:21.195,516483,-6.35878264,107.29261526,-0.008,-0.035,-0.0020,-0.0161,-6.7897,6.7897,24.44,-0.170,10.133,-0.769,0.0044,0.0056,-8.7378,1.5416,0.0312,-8.6007,NORMAL
2026-04-23T11:44:21.205,516492,-6.35878265,107.29261526,-0.008,-0.035,-0.0020,-0.0161,-6.8684,6.8684,24.73,-0.177,10.133,-0.774,0.0068,0.0084,-8.7430,1.5447,0.0350,-8.6054,NORMAL
2026-04-23T11:44:21.214,516503,-6.35878265,107.29261526,-0.008,-0.035,-0.0018,-0.0158,-6.9646,6.9646,25.07,-0.186,10.128,-0.779,0.0172,0.0194,-8.7444,1.5543,0.0476,-8.6050,NORMAL
2026-04-23T11:44:21.224,516512,-6.35878222,107.29261532,-0.001,0.013,-0.0005,0.0282,-4.8192,4.8193,17.35,-0.234,9.658,-0.790,0.0026,0.0150,-8.5985,1.4449,0.0496,-8.4761,NORMAL
2026-04-23T11:44:21.235,516522,-6.35878222,107.29261532,-0.001,0.013,-0.0004,0.0283,-4.9050,4.9051,17.66,-0.247,9.651,-0.795,0.0041,0.0089,-8.5852,1.4432,0.0454,-8.4629,NORMAL
2026-04-23T11:44:21.379,516532,-6.35878221,107.29261532,-0.001,0.013,-0.0005,0.0282,-4.9910,4.9911,17.97,-0.258,9.642,-0.799,-0.0082,-0.0049,-8.5959,1.4317,0.0332,-8.4758,NORMAL
2026-04-23T11:44:21.380,516543,-6.35878221,107.29261532,-0.001,0.014,-0.0005,0.0283,-5.0856,5.0857,18.31,-0.269,9.632,-0.802,0.0037,0.0081,-8.6045,1.4431,0.0480,-8.4824,NORMAL
2026-04-23T11:44:21.380,516552,-6.35878221,107.29261532,-0.001,0.014,-0.0004,0.0285,-5.1628,5.1629,18.59,-0.280,9.626,-0.806,0.0084,0.0138,-8.5719,1.4415,0.0552,-8.4496,NORMAL
2026-04-23T11:44:21.380,516563,-6.35878221,107.29261532,-0.001,0.014,-0.0004,0.0284,-5.2574,5.2575,18.93,-0.287,9.624,-0.812,-0.0036,-0.0061,-8.6027,1.4347,0.0364,-8.4822,NORMAL
2026-04-23T11:44:21.380,516573,-6.35878220,107.29261532,-0.001,0.014,-0.0004,0.0284,-5.3433,5.3434,19.24,-0.295,9.623,-0.816,0.0048,0.0043,-8.5891,1.4404,0.0479,-8.4673,NORMAL
2026-04-23T11:44:21.381,516582,-6.35878220,107.29261532,-0.001,0.015,-0.0003,0.0285,-5.4206,5.4206,19.51,-0.300,9.622,-0.821,0.0072,0.0041,-8.5848,1.4420,0.0486,-8.4627,NORMAL
2026-04-23T11:44:21.381,516593,-6.35878220,107.29261532,-0.001,0.015,-0.0003,0.0284,-5.5152,5.5153,19.85,-0.308,9.623,-0.828,0.0020,-0.0028,-8.6017,1.4399,0.0428,-8.4802,NORMAL
2026-04-23T11:44:21.381,516603,-6.35878220,107.29261532,-0.001,0.015,-0.0003,0.0284,-5.6012,5.6012,20.16,-0.314,9.625,-0.834,0.0019,-0.0046,-8.5982,1.4395,0.0419,-8.4767,NORMAL
2026-04-23T11:44:21.381,516613,-6.35878219,107.29261532,-0.001,0.016,-0.0003,0.0284,-5.6872,5.6873,20.47,-0.320,9.625,-0.840,0.0026,-0.0006,-8.6018,1.4407,0.0468,-8.4802,NORMAL
2026-04-23T11:44:21.382,516622,-6.35878219,107.29261532,-0.001,0.016,-0.0002,0.0284,-5.7645,5.7646,20.75,-0.324,9.629,-0.846,0.0027,0.0005,-8.5929,1.4400,0.0485,-8.4712,NORMAL
2026-04-23T11:44:21.382,516632,-6.35878219,107.29261532,-0.001,0.016,-0.0003,0.0283,-5.8506,5.8507,21.06,-0.328,9.635,-0.853,-0.0064,-0.0094,-8.6099,1.4350,0.0391,-8.4894,NORMAL
2026-04-23T11:44:21.382,516642,-6.35878219,107.29261532,-0.001,0.016,-0.0003,0.0283,-5.9365,5.9365,21.37,-0.329,9.644,-0.859,0.0007,0.0005,-8.5836,1.4386,0.0491,-8.4620,NORMAL
2026-04-23T11:44:21.382,516653,-6.35878218,107.29261532,-0.001,0.017,-0.0003,0.0283,-6.0312,6.0313,21.71,-0.327,9.657,-0.865,0.0014,0.0014,-8.6131,1.4462,0.0499,-8.4907,NORMAL
2026-04-23T11:44:21.382,516662,-6.35878218,107.29261532,-0.001,0.017,-0.0003,0.0283,-6.1085,6.1086,21.99,-0.327,9.669,-0.871,-0.0019,-0.0003,-8.5915,1.4411,0.0480,-8.4696,NORMAL
2026-04-23T11:44:21.384,516673,-6.35878218,107.29261532,-0.001,0.017,-0.0003,0.0283,-6.2030,6.2031,22.33,-0.319,9.685,-0.877,0.0042,0.0016,-8.5872,1.4488,0.0488,-8.4640,NORMAL
2026-04-23T11:44:21.395,516683,-6.35878217,107.29261532,-0.001,0.018,-0.0003,0.0283,-6.2891,6.2892,22.64,-0.316,9.698,-0.882,-0.0024,0.0010,-8.6111,1.4482,0.0478,-8.4883,NORMAL
2026-04-23T11:44:21.405,516693,-6.35878217,107.29261532,-0.001,0.018,-0.0003,0.0283,-6.3750,6.3751,22.95,-0.315,9.710,-0.889,-0.0010,-0.0031,-8.5927,1.4482,0.0434,-8.4697,NORMAL
2026-04-23T11:44:21.415,516702,-6.35878217,107.29261532,-0.001,0.018,-0.0003,0.0284,-6.4525,6.4525,23.23,-0.313,9.716,-0.893,0.0034,0.0051,-8.6031,1.4551,0.0515,-8.4790,NORMAL
2026-04-23T11:44:21.424,516713,-6.35878217,107.29261532,-0.001,0.018,-0.0003,0.0284,-6.5470,6.5471,23.57,-0.315,9.723,-0.900,-0.0007,0.0038,-8.5942,1.4507,0.0504,-8.4707,NORMAL
2026-04-23T11:44:21.434,516723,-6.35878216,107.29261532,-0.001,0.019,-0.0003,0.0284,-6.6330,6.6330,23.88,-0.315,9.729,-0.906,-0.0003,-0.0028,-8.5980,1.4527,0.0438,-8.4742,NORMAL
2026-04-23T11:44:21.548,516733,-6.35878216,107.29261532,-0.001,0.019,-0.0003,0.0284,-6.7189,6.7190,24.19,-0.317,9.733,-0.912,-0.0023,0.0056,-8.5934,1.4505,0.0524,-8.4699,NORMAL
2026-04-23T11:44:21.549,516743,-6.35878216,107.29261532,-0.001,0.019,-0.0003,0.0285,-6.8048,6.8049,24.50,-0.315,9.740,-0.917,0.0030,0.0060,-8.5896,1.4560,0.0526,-8.4651,NORMAL
2026-04-23T11:44:21.549,516752,-6.35878216,107.29261532,-0.001,0.020,-0.0003,0.0285,-6.8822,6.8823,24.78,-0.316,9.746,-0.922,-0.0015,0.0030,-8.6017,1.4546,0.0498,-8.4776,NORMAL
2026-04-23T11:44:21.549,516763,-6.35878215,107.29261532,-0.001,0.020,-0.0003,0.0285,-6.9766,6.9766,25.12,-0.317,9.754,-0.928,0.0016,0.0036,-8.5791,1.4549,0.0504,-8.4547,NORMAL
2026-04-23T11:44:21.549,516772,-6.35878215,107.29261532,-0.001,0.020,-0.0002,0.0286,-7.0540,7.0540,25.39,-0.314,9.758,-0.932,0.0067,0.0066,-8.5978,1.4637,0.0532,-8.4722,NORMAL
2026-04-23T11:44:21.549,516783,-6.35878215,107.29261532,-0.001,0.020,-0.0002,0.0287,-7.1486,7.1486,25.73,-0.318,9.761,-0.936,-0.0013,0.0055,-8.5987,1.4565,0.0526,-8.4743,NORMAL
2026-04-23T11:44:21.550,516793,-6.35878215,107.29261532,-0.001,0.021,-0.0002,0.0287,-7.2345,7.2345,26.04,-0.320,9.762,-0.941,0.0040,0.0031,-8.5936,1.4610,0.0505,-8.4684,NORMAL
2026-04-23T11:44:21.550,516802,-6.35878214,107.29261532,-0.001,0.021,-0.0002,0.0288,-7.3119,7.3119,26.32,-0.323,9.763,-0.945,0.0041,0.0092,-8.5976,1.4618,0.0571,-8.4723,NORMAL
2026-04-23T11:44:21.550,516813,-6.35878214,107.29261532,-0.001,0.021,-0.0001,0.0288,-7.4064,7.4065,26.66,-0.327,9.765,-0.951,0.0016,0.0059,-8.5937,1.4591,0.0543,-8.4688,NORMAL
2026-04-23T11:44:21.550,516822,-6.35878214,107.29261532,-0.001,0.022,-0.0001,0.0289,-7.4837,7.4838,26.94,-0.329,9.769,-0.955,0.0046,0.0084,-8.5942,1.4626,0.0571,-8.4687,NORMAL
2026-04-23T11:44:21.550,516832,-6.35878214,107.29261532,-0.001,0.022,-0.0001,0.0290,-7.5697,7.5697,27.25,-0.329,9.776,-0.960,0.0031,0.0104,-8.5927,1.4619,0.0590,-8.4672,NORMAL
2026-04-23T11:44:21.555,516843,-6.35878213,107.29261532,-0.001,0.022,-0.0000,0.0291,-7.6642,7.6643,27.59,-0.325,9.787,-0.966,0.0050,0.0080,-8.5970,1.4662,0.0562,-8.4708,NORMAL
2026-04-23T11:44:21.564,516852,-6.35878213,107.29261532,-0.001,0.022,0.0000,0.0292,-7.7415,7.7416,27.87,-0.322,9.798,-0.971,0.0037,0.0105,-8.5875,1.4649,0.0581,-8.4615,NORMAL
2026-04-23T11:44:21.575,516863,-6.35878213,107.29261532,-0.001,0.023,0.0001,0.0293,-7.8361,7.8362,28.21,-0.318,9.812,-0.976,0.0077,0.0122,-8.5993,1.4728,0.0593,-8.4721,NORMAL
2026-04-23T11:44:21.585,516872,-6.35878213,107.29261532,-0.001,0.023,0.0001,0.0294,-7.9135,7.9136,28.49,-0.317,9.821,-0.981,0.0023,0.0091,-8.6023,1.4695,0.0560,-8.4757,NORMAL
2026-04-23T11:44:21.594,516882,-6.35878212,107.29261532,-0.001,0.023,0.0001,0.0295,-7.9996,7.9996,28.80,-0.317,9.828,-0.987,0.0009,0.0064,-8.6040,1.4695,0.0533,-8.4774,NORMAL
2026-04-23T11:44:21.605,516892,-6.35878212,107.29261532,-0.001,0.024,0.0002,0.0296,-8.0855,8.0856,29.11,-0.319,9.833,-0.992,0.0070,0.0128,-8.5929,1.4741,0.0600,-8.4653,NORMAL
2026-04-23T11:44:21.615,516903,-6.35878212,107.29261532,-0.001,0.024,0.0002,0.0297,-8.1801,8.1802,29.45,-0.321,9.838,-0.998,0.0052,0.0060,-8.6008,1.4746,0.0536,-8.4732,NORMAL
2026-04-23T11:44:21.624,516913,-6.35878212,107.29261532,-0.001,0.024,0.0003,0.0297,-8.2662,8.2662,29.76,-0.325,9.842,-1.003,0.0022,0.0068,-8.6052,1.4730,0.0549,-8.4780,NORMAL
2026-04-23T11:44:21.634,516923,-6.35878211,107.29261532,-0.001,0.025,0.0003,0.0298,-8.3521,8.3521,30.07,-0.329,9.847,-1.010,0.0070,0.0086,-8.5887,1.4756,0.0573,-8.4608,NORMAL
2026-04-23T11:44:21.752,516933,-6.35878211,107.29261532,-0.001,0.025,0.0004,0.0300,-8.4381,8.4382,30.38,-0.332,9.852,-1.015,0.0065,0.0137,-8.6057,1.4786,0.0630,-8.4775,NORMAL
2026-04-23T11:44:21.753,516943,-6.35878211,107.29261532,-0.001,0.025,0.0005,0.0301,-8.5240,8.5241,30.69,-0.337,9.856,-1.021,0.0069,0.0117,-8.5906,1.4771,0.0616,-8.4624,NORMAL
2026-04-23T11:44:21.753,516953,-6.35878210,107.29261532,-0.001,0.025,0.0006,0.0302,-8.6100,8.6100,31.00,-0.340,9.861,-1.027,0.0091,0.0075,-8.5964,1.4810,0.0579,-8.4677,NORMAL
2026-04-23T11:44:21.753,516962,-6.35878210,107.29261532,-0.001,0.026,0.0006,0.0303,-8.6874,8.6874,31.27,-0.345,9.862,-1.033,0.0074,0.0111,-8.5969,1.4796,0.0622,-8.4684,NORMAL
2026-04-23T11:44:21.753,516973,-6.35878210,107.29261532,-0.001,0.026,0.0007,0.0303,-8.7819,8.7820,31.62,-0.351,9.862,-1.040,0.0104,0.0048,-8.5961,1.4825,0.0569,-8.4671,NORMAL
2026-04-23T11:44:21.754,516983,-6.35878210,107.29261532,-0.001,0.026,0.0008,0.0304,-8.8679,8.8680,31.92,-0.359,9.859,-1.045,0.0051,0.0058,-8.6019,1.4778,0.0590,-8.4738,NORMAL
2026-04-23T11:44:21.754,516992,-6.35878209,107.29261532,-0.001,0.027,0.0009,0.0305,-8.9452,8.9453,32.20,-0.367,9.857,-1.050,0.0094,0.0096,-8.5863,1.4790,0.0640,-8.4577,NORMAL
2026-04-23T11:44:21.754,517003,-6.35878209,107.29261532,-0.001,0.027,0.0009,0.0305,-9.0399,9.0399,32.54,-0.373,9.858,-1.055,0.0065,0.0063,-8.6071,1.4799,0.0616,-8.4787,NORMAL
2026-04-23T11:44:21.755,517012,-6.35878393,107.29261518,-0.017,-0.177,-0.0207,-0.1255,-6.7684,6.7696,24.37,1.339,9.147,-0.772,-0.0147,-0.0381,-8.3079,1.3066,-0.2299,-8.2013,NORMAL
2026-04-23T11:44:21.755,517022,-6.35878394,107.29261518,-0.017,-0.179,-0.0209,-0.1259,-6.8515,6.8527,24.67,1.340,9.154,-0.777,-0.0135,-0.0418,-8.3178,1.3105,-0.2341,-8.2107,NORMAL
2026-04-23T11:44:21.756,517033,-6.35878395,107.29261518,-0.017,-0.180,-0.0210,-0.1263,-6.9430,6.9442,25.00,1.340,9.163,-0.781,-0.0140,-0.0350,-8.3185,1.3113,-0.2273,-8.2114,NORMAL
2026-04-23T11:44:21.756,517043,-6.35878396,107.29261517,-0.017,-0.181,-0.0211,-0.1267,-7.0261,7.0272,25.30,1.341,9.174,-0.787,-0.0093,-0.0398,-8.3027,1.3151,-0.2318,-8.1947,NORMAL
2026-04-23T11:44:21.765,517052,-6.35878397,107.29261517,-0.018,-0.183,-0.0212,-0.1271,-7.1011,7.1022,25.57,1.344,9.183,-0.791,-0.0128,-0.0418,-8.3323,1.3176,-0.2349,-8.2243,NORMAL
2026-04-23T11:44:21.775,517063,-6.35878399,107.29261517,-0.018,-0.184,-0.0214,-0.1275,-7.1925,7.1937,25.90,1.340,9.191,-0.796,-0.0164,-0.0401,-8.3161,1.3127,-0.2324,-8.2087,NORMAL
2026-04-23T11:44:21.784,517073,-6.35878400,107.29261517,-0.018,-0.185,-0.0216,-0.1280,-7.2758,7.2769,26.20,1.339,9.194,-0.801,-0.0164,-0.0465,-8.3252,1.3147,-0.2388,-8.2174,NORMAL
2026-04-23T11:44:21.794,517083,-6.35878401,107.29261517,-0.018,-0.186,-0.0217,-0.1284,-7.3590,7.3601,26.50,1.335,9.195,-0.804,-0.0156,-0.0409,-8.3207,1.3147,-0.2325,-8.2130,NORMAL
2026-04-23T11:44:21.805,517092,-6.35878402,107.29261517,-0.019,-0.188,-0.0218,-0.1287,-7.4339,7.4351,26.77,1.332,9.195,-0.808,-0.0108,-0.0388,-8.3266,1.3204,-0.2300,-8.2181,NORMAL
2026-04-23T11:44:21.815,517103,-6.35878403,107.29261516,-0.019,-0.189,-0.0220,-0.1292,-7.5255,7.5267,27.10,1.326,9.198,-0.813,-0.0173,-0.0446,-8.3284,1.3147,-0.2351,-8.2208,NORMAL
2026-04-23T11:44:21.825,517113,-6.35878404,107.29261516,-0.019,-0.190,-0.0222,-0.1297,-7.6086,7.6098,27.40,1.322,9.202,-0.817,-0.0146,-0.0413,-8.3077,1.3147,-0.2308,-8.1999,NORMAL
2026-04-23T11:44:21.834,517122,-6.35878406,107.29261516,-0.019,-0.192,-0.0223,-0.1300,-7.6836,7.6848,27.67,1.321,9.204,-0.821,-0.0111,-0.0434,-8.3338,1.3227,-0.2332,-8.2250,NORMAL
2026-04-23T11:44:21.948,517133,-6.35878407,107.29261516,-0.019,-0.193,-0.0224,-0.1304,-7.7750,7.7762,27.99,1.315,9.210,-0.826,-0.0104,-0.0365,-8.3097,1.3202,-0.2250,-8.2012,NORMAL
2026-04-23T11:44:21.948,517143,-6.35878408,107.29261516,-0.020,-0.194,-0.0225,-0.1309,-7.8583,7.8594,28.29,1.315,9.214,-0.830,-0.0104,-0.0409,-8.3234,1.3231,-0.2296,-8.2145,NORMAL
2026-04-23T11:44:21.948,517152,-6.35878409,107.29261515,-0.020,-0.195,-0.0226,-0.1313,-7.9333,7.9344,28.56,1.312,9.217,-0.834,-0.0148,-0.0449,-8.3329,1.3208,-0.2335,-8.2244,NORMAL
2026-04-23T11:44:21.948,517162,-6.35878410,107.29261515,-0.020,-0.197,-0.0227,-0.1316,-8.0165,8.0176,28.86,1.311,9.220,-0.839,-0.0080,-0.0377,-8.3207,1.3258,-0.2257,-8.2114,NORMAL
2026-04-23T11:44:21.949,517173,-6.35878412,107.29261515,-0.020,-0.198,-0.0228,-0.1321,-8.1080,8.1091,29.19,1.306,9.220,-0.844,-0.0083,-0.0402,-8.3240,1.3261,-0.2276,-8.2146,NORMAL
2026-04-23T11:44:21.949,517183,-6.35878413,107.29261515,-0.021,-0.200,-0.0229,-0.1325,-8.1913,8.1924,29.49,1.304,9.224,-0.850,-0.0098,-0.0457,-8.3224,1.3251,-0.2328,-8.2130,NORMAL
2026-04-23T11:44:21.949,517193,-6.35878414,107.29261514,-0.021,-0.201,-0.0230,-0.1329,-8.2745,8.2756,29.79,1.301,9.227,-0.856,-0.0097,-0.0353,-8.3265,1.3260,-0.2221,-8.2174,NORMAL
2026-04-23T11:44:21.949,517202,-6.35878415,107.29261514,-0.021,-0.202,-0.0231,-0.1332,-8.3494,8.3505,30.06,1.301,9.234,-0.861,-0.0103,-0.0372,-8.3156,1.3249,-0.2238,-8.2064,NORMAL
2026-04-23T11:44:21.949,517213,-6.35878416,107.29261514,-0.021,-0.204,-0.0232,-0.1336,-8.4409,8.4420,30.39,1.305,9.248,-0.868,-0.0076,-0.0366,-8.3184,1.3298,-0.2237,-8.2085,NORMAL
2026-04-23T11:44:21.950,517222,-6.35878417,107.29261514,-0.021,-0.205,-0.0233,-0.1340,-8.5157,8.5168,30.66,1.308,9.260,-0.873,-0.0131,-0.0389,-8.3143,1.3255,-0.2265,-8.2050,NORMAL
2026-04-23T11:44:21.950,517233,-6.35878419,107.29261514,-0.022,-0.206,-0.0233,-0.1343,-8.6072,8.6083,30.99,1.318,9.277,-0.877,-0.0041,-0.0310,-8.3227,1.3381,-0.2200,-8.2115,NORMAL
2026-04-23T11:44:21.954,517243,-6.35878420,107.29261513,-0.022,-0.208,-0.0234,-0.1346,-8.6905,8.6915,31.29,1.322,9.291,-0.883,-0.0102,-0.0311,-8.3204,1.3337,-0.2207,-8.2099,NORMAL
2026-04-23T11:44:21.965,517252,-6.35878421,107.29261513,-0.022,-0.209,-0.0236,-0.1350,-8.7654,8.7665,31.56,1.328,9.303,-0.888,-0.0144,-0.0410,-8.3258,1.3323,-0.2317,-8.2154,NORMAL
2026-04-23T11:44:21.975,517263,-6.35878422,107.29261513,-0.022,-0.210,-0.0237,-0.1353,-8.8569,8.8579,31.89,1.333,9.315,-0.892,-0.0088,-0.0281,-8.3160,1.3378,-0.2192,-8.2048,NORMAL
2026-04-23T11:44:21.985,517273,-6.35878424,107.29261513,-0.023,-0.212,-0.0238,-0.1356,-8.9401,8.9411,32.19,1.337,9.327,-0.897,-0.0136,-0.0348,-8.3208,1.3356,-0.2266,-8.2098,NORMAL
2026-04-23T11:44:21.994,517283,-6.35878425,107.29261513,-0.023,-0.213,-0.0239,-0.1360,-9.0233,9.0243,32.49,1.340,9.338,-0.901,-0.0120,-0.0339,-8.3217,1.3390,-0.2262,-8.2102,NORMAL
2026-04-23T11:44:22.004,517292,-6.35878426,107.29261512,-0.023,-0.214,-0.0240,-0.1362,-9.0981,9.0991,32.76,1.343,9.348,-0.905,-0.0098,-0.0258,-8.3089,1.3403,-0.2181,-8.1973,NORMAL
2026-04-23T11:44:22.015,517303,-6.35878427,107.29261512,-0.023,-0.216,-0.0242,-0.1365,-9.1897,9.1907,33.09,1.346,9.359,-0.910,-0.0123,-0.0299,-8.3304,1.3430,-0.2232,-8.2184,NORMAL
2026-04-23T11:44:22.024,517313,-6.35878428,107.29261512,-0.024,-0.217,-0.0243,-0.1368,-9.2728,9.2738,33.39,1.346,9.368,-0.913,-0.0105,-0.0295,-8.3088,1.3426,-0.2222,-8.1967,NORMAL
2026-04-23T11:44:22.035,517323,-6.35878430,107.29261512,-0.024,-0.218,-0.0244,-0.1372,-9.3560,9.3570,33.69,1.347,9.373,-0.917,-0.0118,-0.0338,-8.3211,1.3441,-0.2270,-8.2088,NORMAL
2026-04-23T11:44:22.149,517333,-6.35878477,107.29261534,0.000,-0.271,-0.0128,-0.1619,-9.4367,9.4381,33.98,1.468,9.435,-0.897,-0.0061,-0.0332,-8.3259,1.3594,-0.2437,-8.2106,NORMAL
2026-04-23T11:44:22.150,517343,-6.35878512,107.29261550,0.018,-0.310,-0.0043,-0.1799,-9.5173,9.5190,34.27,1.550,9.477,-0.884,-0.0078,-0.0376,-8.3259,1.3638,-0.2599,-8.2095,NORMAL
2026-04-23T11:44:22.150,517353,-6.35878514,107.29261550,0.018,-0.312,-0.0044,-0.1804,-9.6006,9.6023,34.57,1.540,9.467,-0.888,-0.0070,-0.0447,-8.3266,1.3632,-0.2656,-8.2101,NORMAL
2026-04-23T11:44:22.150,517363,-6.35878515,107.29261550,0.018,-0.313,-0.0044,-0.1808,-9.6837,9.6854,34.87,1.527,9.454,-0.893,-0.0006,-0.0380,-8.3136,1.3655,-0.2565,-8.1968,NORMAL
2026-04-23T11:44:22.150,517372,-6.35878517,107.29261550,0.018,-0.315,-0.0044,-0.1812,-9.7587,9.7604,35.14,1.514,9.441,-0.897,-0.0069,-0.0455,-8.3349,1.3611,-0.2629,-8.2190,NORMAL
2026-04-23T11:44:22.151,517382,-6.35878518,107.29261550,0.018,-0.317,-0.0045,-0.1816,-9.8418,9.8435,35.44,1.500,9.428,-0.902,-0.0021,-0.0418,-8.3092,1.3596,-0.2564,-8.1933,NORMAL
2026-04-23T11:44:22.151,517393,-6.35878520,107.29261550,0.018,-0.319,-0.0045,-0.1821,-9.9334,9.9350,35.77,1.490,9.416,-0.907,-0.0021,-0.0422,-8.3206,1.3598,-0.2557,-8.2049,NORMAL
2026-04-23T11:44:22.151,517403,-6.35878522,107.29261550,0.018,-0.321,-0.0045,-0.1825,-10.0167,10.0183,36.07,1.480,9.408,-0.912,-0.0021,-0.0425,-8.3293,1.3602,-0.2548,-8.2137,NORMAL
2026-04-23T11:44:22.151,517412,-6.35878523,107.29261550,0.018,-0.322,-0.0045,-0.1829,-10.0914,10.0930,36.33,1.473,9.406,-0.915,0.0027,-0.0409,-8.3033,1.3603,-0.2514,-8.1874,NORMAL
2026-04-23T11:44:22.152,517423,-6.35878525,107.29261550,0.018,-0.324,-0.0045,-0.1834,-10.1830,10.1847,36.66,1.468,9.404,-0.920,-0.0044,-0.0486,-8.3319,1.3578,-0.2592,-8.2165,NORMAL
2026-04-23T11:44:22.152,517433,-6.35878527,107.29261549,0.018,-0.326,-0.0045,-0.1839,-10.2662,10.2679,36.96,1.463,9.404,-0.925,-0.0005,-0.0469,-8.3206,1.3598,-0.2566,-8.2048,NORMAL
2026-04-23T11:44:22.154,517442,-6.35878528,107.29261549,0.018,-0.328,-0.0045,-0.1842,-10.3412,10.3428,37.23,1.461,9.405,-0.929,0.0030,-0.0427,-8.3255,1.3641,-0.2519,-8.2092,NORMAL
2026-04-23T11:44:22.165,517452,-6.35878530,107.29261549,0.018,-0.330,-0.0045,-0.1847,-10.4244,10.4260,37.53,1.456,9.409,-0.934,-0.0041,-0.0467,-8.3207,1.3569,-0.2554,-8.2055,NORMAL
2026-04-23T11:44:22.175,517463,-6.35878532,107.29261549,0.018,-0.332,-0.0046,-0.1852,-10.5159,10.5175,37.86,1.456,9.418,-0.939,-0.0049,-0.0481,-8.3206,1.3575,-0.2568,-8.2052,NORMAL
2026-04-23T11:44:22.185,517473,-6.35878533,107.29261549,0.018,-0.334,-0.0046,-0.1857,-10.5991,10.6007,38.16,1.457,9.428,-0.944,-0.0038,-0.0438,-8.3203,1.3599,-0.2526,-8.2047,NORMAL
2026-04-23T11:44:22.195,517483,-6.35878535,107.29261549,0.018,-0.335,-0.0046,-0.1861,-10.6823,10.6839,38.46,1.463,9.445,-0.950,0.0018,-0.0432,-8.3164,1.3672,-0.2526,-8.1995,NORMAL
2026-04-23T11:44:22.205,517493,-6.35878537,107.29261549,0.018,-0.337,-0.0047,-0.1866,-10.7655,10.7672,38.76,1.470,9.463,-0.955,-0.0098,-0.0494,-8.3273,1.3603,-0.2604,-8.2114,NORMAL
2026-04-23T11:44:22.215,517503,-6.35878538,107.29261549,0.018,-0.339,-0.0048,-0.1870,-10.8486,10.8502,39.06,1.479,9.484,-0.961,-0.0027,-0.0415,-8.3066,1.3667,-0.2531,-8.1896,NORMAL
2026-04-23T11:44:22.225,517513,-6.35877419,107.29261589,0.062,0.906,0.0281,0.7158,-8.4358,8.4661,30.48,-9.705,9.559,-2.905,0.0136,0.3286,-7.9435,1.3161,1.6447,-7.6661,NORMAL
2026-04-23T11:44:22.235,517523,-6.35877412,107.29261590,0.062,0.913,0.0281,0.7189,-8.5153,8.5456,30.76,-9.703,9.576,-2.914,0.0040,0.3181,-7.9510,1.3107,1.6350,-7.6764,NORMAL
2026-04-23T11:44:22.351,517533,-6.35877406,107.29261590,0.063,0.920,0.0283,0.7222,-8.5947,8.6251,31.05,-9.704,9.591,-2.923,0.0127,0.3278,-7.9467,1.3200,1.6442,-7.6689,NORMAL
2026-04-23T11:44:22.351,517543,-6.35877399,107.29261590,0.063,0.927,0.0283,0.7254,-8.6740,8.7044,31.34,-9.709,9.601,-2.932,0.0014,0.3202,-7.9281,1.3075,1.6340,-7.6536,NORMAL
2026-04-23T11:44:22.351,517552,-6.35877394,107.29261590,0.063,0.934,0.0283,0.7283,-8.7455,8.7758,31.59,-9.709,9.606,-2.938,0.0015,0.3182,-7.9368,1.3099,1.6335,-7.6622,NORMAL
2026-04-23T11:44:22.352,517563,-6.35877386,107.29261591,0.064,0.942,0.0284,0.7319,-8.8330,8.8633,31.91,-9.711,9.608,-2.943,0.0135,0.3310,-7.9538,1.3240,1.6494,-7.6746,NORMAL
2026-04-23T11:44:22.352,517572,-6.35877380,107.29261591,0.064,0.948,0.0285,0.7349,-8.9043,8.9346,32.16,-9.718,9.611,-2.950,0.0065,0.3288,-7.9253,1.3129,1.6432,-7.6482,NORMAL
2026-04-23T11:44:22.352,517583,-6.35877373,107.29261591,0.064,0.956,0.0286,0.7384,-8.9916,9.0219,32.48,-9.721,9.616,-2.957,0.0078,0.3194,-7.9345,1.3168,1.6359,-7.6582,NORMAL
2026-04-23T11:44:22.353,517592,-6.35877367,107.29261592,0.064,0.963,0.0286,0.7413,-9.0630,9.0933,32.74,-9.725,9.616,-2.961,0.0071,0.3277,-7.9342,1.3158,1.6446,-7.6566,NORMAL
2026-04-23T11:44:22.353,517603,-6.35877360,107.29261592,0.065,0.971,0.0288,0.7450,-9.1502,9.1806,33.05,-9.728,9.619,-2.967,0.0165,0.3322,-7.9334,1.3250,1.6496,-7.6533,NORMAL
2026-04-23T11:44:22.353,517612,-6.35877354,107.29261592,0.065,0.978,0.0289,0.7479,-9.2217,9.2520,33.31,-9.735,9.621,-2.972,0.0062,0.3249,-7.9369,1.3160,1.6435,-7.6594,NORMAL
2026-04-23T11:44:22.354,517622,-6.35877347,107.29261592,0.065,0.986,0.0289,0.7511,-9.3011,9.3314,33.59,-9.740,9.620,-2.978,0.0063,0.3199,-7.9423,1.3171,1.6403,-7.6654,NORMAL
2026-04-23T11:44:22.354,517633,-6.35877340,107.29261593,0.066,0.994,0.0291,0.7548,-9.3884,9.4187,33.91,-9.746,9.616,-2.983,0.0196,0.3347,-7.9336,1.3274,1.6544,-7.6521,NORMAL
2026-04-23T11:44:22.355,517642,-6.35877333,107.29261593,0.066,1.001,0.0292,0.7577,-9.4597,9.4901,34.16,-9.754,9.615,-2.988,0.0065,0.3221,-7.9307,1.3145,1.6424,-7.6534,NORMAL
2026-04-23T11:44:22.365,517653,-6.35877326,107.29261593,0.066,1.009,0.0293,0.7611,-9.5471,9.5775,34.48,-9.760,9.613,-2.993,0.0071,0.3144,-7.9466,1.3179,1.6383,-7.6699,NORMAL
2026-04-23T11:44:22.374,517663,-6.35877319,107.29261593,0.066,1.017,0.0295,0.7645,-9.6264,9.6567,34.76,-9.766,9.612,-2.999,0.0194,0.3387,-7.9242,1.3247,1.6596,-7.6419,NORMAL
2026-04-23T11:44:22.385,517672,-6.35877313,107.29261594,0.067,1.023,0.0296,0.7675,-9.6978,9.7282,35.02,-9.770,9.614,-3.004,0.0107,0.3266,-7.9387,1.3195,1.6504,-7.6593,NORMAL
2026-04-23T11:44:22.395,517682,-6.35877306,107.29261594,0.067,1.031,0.0297,0.7707,-9.7772,9.8076,35.31,-9.774,9.618,-3.010,0.0097,0.3231,-7.9369,1.3190,1.6471,-7.6581,NORMAL
2026-04-23T11:44:22.405,517693,-6.35877298,107.29261594,0.067,1.040,0.0298,0.7744,-9.8644,9.8948,35.62,-9.776,9.626,-3.017,0.0146,0.3345,-7.9281,1.3227,1.6571,-7.6466,NORMAL
2026-04-23T11:44:22.415,517703,-6.35877291,107.29261594,0.068,1.047,0.0300,0.7777,-9.9439,9.9743,35.91,-9.776,9.631,-3.023,0.0194,0.3291,-7.9473,1.3317,1.6553,-7.6652,NORMAL
2026-04-23T11:44:22.424,517712,-6.35877285,107.29261595,0.068,1.054,0.0301,0.7806,-10.0153,10.0457,36.16,-9.780,9.636,-3.029,0.0100,0.3246,-7.9368,1.3215,1.6493,-7.6572,NORMAL
2026-04-23T11:44:22.434,517723,-6.35877277,107.29261595,0.068,1.063,0.0303,0.7841,-10.1027,10.1332,36.48,-9.784,9.638,-3.036,0.0130,0.3233,-7.9474,1.3265,1.6505,-7.6670,NORMAL
2026-04-23T11:44:22.574,517733,-6.35877270,107.29261595,0.068,1.071,0.0304,0.7875,-10.1821,10.2125,36.77,-9.790,9.642,-3.043,0.0196,0.3321,-7.9355,1.3310,1.6581,-7.6526,NORMAL
2026-04-23T11:44:22.575,517742,-6.35877264,107.29261596,0.069,1.078,0.0305,0.7903,-10.2536,10.2841,37.02,-9.795,9.645,-3.049,0.0091,0.3176,-7.9500,1.3243,1.6466,-7.6706,NORMAL
2026-04-23T11:44:22.575,517753,-6.35877256,107.29261596,0.069,1.087,0.0307,0.7940,-10.3409,10.3714,37.34,-9.799,9.649,-3.057,0.0170,0.3328,-7.9321,1.3287,1.6593,-7.6492,NORMAL
2026-04-23T11:44:22.575,517763,-6.35877249,107.29261596,0.069,1.095,0.0309,0.7973,-10.4204,10.4509,37.62,-9.800,9.657,-3.063,0.0218,0.3340,-7.9459,1.3367,1.6629,-7.6614,NORMAL
2026-04-23T11:44:22.575,517772,-6.35877242,107.29261596,0.070,1.102,0.0310,0.8003,-10.4918,10.5223,37.88,-9.801,9.665,-3.069,0.0125,0.3285,-7.9407,1.3281,1.6566,-7.6587,NORMAL
2026-04-23T11:44:22.576,517783,-6.35877234,107.29261597,0.070,1.111,0.0312,0.8039,-10.5790,10.6096,38.19,-9.802,9.676,-3.078,0.0171,0.3312,-7.9271,1.3316,1.6572,-7.6439,NORMAL
2026-04-23T11:44:22.576,517792,-6.35877228,107.29261597,0.070,1.118,0.0314,0.8069,-10.6505,10.6811,38.45,-9.802,9.681,-3.084,0.0200,0.3313,-7.9477,1.3386,1.6608,-7.6633,NORMAL
2026-04-23T11:44:22.576,517803,-6.35877220,107.29261597,0.071,1.127,0.0316,0.8106,-10.7379,10.7685,38.77,-9.806,9.687,-3.092,0.0157,0.3322,-7.9383,1.3336,1.6605,-7.6545,NORMAL
2026-04-23T11:44:22.577,517812,-6.35877213,107.29261597,0.071,1.134,0.0317,0.8134,-10.8094,10.8400,39.02,-9.810,9.691,-3.098,0.0128,0.3213,-7.9452,1.3329,1.6513,-7.6633,NORMAL
2026-04-23T11:44:22.577,517823,-6.35877205,107.29261598,0.071,1.143,0.0319,0.8171,-10.8967,10.9273,39.34,-9.818,9.691,-3.104,0.0162,0.3347,-7.9342,1.3337,1.6639,-7.6496,NORMAL
2026-04-23T11:44:22.578,517832,-6.35877199,107.29261598,0.072,1.150,0.0320,0.8201,-10.9681,10.9988,39.60,-9.822,9.693,-3.109,0.0164,0.3272,-7.9413,1.3357,1.6583,-7.6575,NORMAL
2026-04-23T11:44:22.579,517842,-6.35877191,107.29261598,0.072,1.159,0.0321,0.8233,-11.0476,11.0782,39.88,-9.828,9.693,-3.115,0.0092,0.3270,-7.9430,1.3290,1.6590,-7.6603,NORMAL
2026-04-23T11:44:22.579,517853,-6.35877183,107.29261599,0.072,1.168,0.0323,0.8270,-11.1347,11.1654,40.20,-9.834,9.697,-3.121,0.0155,0.3343,-7.9239,1.3320,1.6638,-7.6393,NORMAL
2026-04-23T11:44:22.580,517863,-6.35877176,107.29261599,0.073,1.176,0.0324,0.8303,-11.2142,11.2449,40.48,-9.837,9.702,-3.128,0.0170,0.3263,-7.9447,1.3381,1.6598,-7.6603,NORMAL
2026-04-23T11:44:22.584,517873,-6.35877168,107.29261599,0.073,1.184,0.0326,0.8336,-11.2934,11.3242,40.77,-9.841,9.710,-3.135,0.0145,0.3338,-7.9241,1.3327,1.6641,-7.6392,NORMAL
2026-04-23T11:44:22.594,517882,-6.35877161,107.29261600,0.073,1.192,0.0328,0.8366,-11.3648,11.3956,41.02,-9.842,9.715,-3.140,0.0195,0.3279,-7.9360,1.3407,1.6607,-7.6507,NORMAL
2026-04-23T11:44:22.605,517893,-6.35877153,107.29261600,0.074,1.201,0.0329,0.8402,-11.4522,11.4830,41.34,-9.846,9.721,-3.147,0.0144,0.3302,-7.9402,1.3370,1.6640,-7.6551,NORMAL
2026-04-23T11:44:22.615,517903,-6.35877146,107.29261600,0.074,1.210,0.0331,0.8435,-11.5315,11.5624,41.62,-9.850,9.725,-3.154,0.0193,0.3290,-7.9371,1.3419,1.6629,-7.6512,NORMAL
2026-04-23T11:44:22.625,517913,-6.35877138,107.29261600,0.074,1.218,0.0333,0.8468,-11.6110,11.6418,41.91,-9.855,9.728,-3.160,0.0174,0.3272,-7.9412,1.3411,1.6625,-7.6556,NORMAL
2026-04-23T11:44:22.634,517922,-6.35877131,107.29261601,0.075,1.226,0.0334,0.8497,-11.6823,11.7132,42.17,-9.860,9.733,-3.166,0.0152,0.3320,-7.9278,1.3371,1.6655,-7.6419,NORMAL
2026-04-23T11:44:22.747,517933,-6.35877123,107.29261601,0.075,1.235,0.0335,0.8533,-11.7697,11.8007,42.48,-9.862,9.738,-3.174,0.0129,0.3277,-7.9465,1.3390,1.6647,-7.6609,NORMAL
2026-04-23T11:44:22.747,517943,-6.35877115,107.29261601,0.075,1.244,0.0337,0.8567,-11.8491,11.8800,42.77,-9.866,9.746,-3.180,0.0157,0.3336,-7.9341,1.3403,1.6689,-7.6472,NORMAL
2026-04-23T11:44:22.747,517952,-6.35877108,107.29261602,0.076,1.251,0.0339,0.8597,-11.9205,11.9515,43.03,-9.865,9.755,-3.186,0.0184,0.3320,-7.9353,1.3444,1.6674,-7.6479,NORMAL
2026-04-23T11:44:22.748,517963,-6.35877099,107.29261602,0.076,1.261,0.0340,0.8633,-12.0078,12.0388,43.34,-9.865,9.767,-3.195,0.0135,0.3266,-7.9359,1.3416,1.6620,-7.6500,NORMAL
2026-04-23T11:44:22.748,517973,-6.35877092,107.29261602,0.076,1.269,0.0342,0.8666,-12.0871,12.1182,43.63,-9.864,9.778,-3.203,0.0192,0.3333,-7.9360,1.3483,1.6687,-7.6478,NORMAL
2026-04-23T11:44:22.748,517982,-6.35877085,107.29261603,0.077,1.277,0.0344,0.8696,-12.1586,12.1897,43.88,-9.865,9.783,-3.209,0.0199,0.3300,-7.9453,1.3515,1.6672,-7.6571,NORMAL
2026-04-23T11:44:22.748,517992,-6.35877077,107.29261603,0.077,1.286,0.0345,0.8728,-12.2380,12.2692,44.17,-9.870,9.789,-3.217,0.0137,0.3265,-7.9383,1.3450,1.6631,-7.6517,NORMAL
2026-04-23T11:44:22.748,518003,-6.35877068,107.29261603,0.077,1.296,0.0347,0.8765,-12.3254,12.3566,44.48,-9.877,9.788,-3.222,0.0199,0.3315,-7.9445,1.3518,1.6700,-7.6557,NORMAL
2026-04-23T11:44:22.749,518013,-6.35885944,107.29261270,-0.291,-8.574,-0.2234,-5.9559,-9.6565,11.3477,40.85,62.554,3.825,6.982,-0.0760,-2.1658,-8.7615,0.2465,-8.7647,-2.1401,ROLLOVER
2026-04-23T11:44:22.749,518023,-6.35885998,107.29261268,-0.293,-8.634,-0.2241,-5.9776,-9.7441,11.4337,41.16,62.562,3.827,6.979,-0.0755,-2.1651,-8.7636,0.2476,-8.7665,-2.1404,ROLLOVER
2026-04-23T11:44:22.749,518033,-6.35886052,107.29261266,-0.296,-8.694,-0.2249,-5.9993,-9.8317,11.5197,41.47,62.568,3.829,6.975,-0.0735,-2.1712,-8.7610,0.2492,-8.7672,-2.1325,ROLLOVER
2026-04-23T11:44:22.755,518042,-6.35886100,107.29261264,-0.298,-8.748,-0.2255,-6.0188,-9.9106,11.5972,41.75,62.577,3.830,6.974,-0.0722,-2.1657,-8.7615,0.2514,-8.7654,-2.1361,ROLLOVER
2026-04-23T11:44:22.765,518053,-6.35886160,107.29261262,-0.300,-8.814,-0.2263,-6.0427,-10.0069,11.6920,42.09,62.587,3.834,6.972,-0.0692,-2.1706,-8.7553,0.2539,-8.7626,-2.1270,ROLLOVER
2026-04-23T11:44:22.775,518062,-6.35886209,107.29261260,-0.302,-8.868,-0.2269,-6.0622,-10.0857,11.7696,42.37,62.598,3.838,6.974,-0.0711,-2.1723,-8.7617,0.2529,-8.7695,-2.1270,ROLLOVER
2026-04-23T11:44:22.785,518072,-6.35886263,107.29261258,-0.304,-8.929,-0.2276,-6.0838,-10.1733,11.8559,42.68,62.608,3.840,6.973,-0.0673,-2.1628,-8.7622,0.2582,-8.7659,-2.1335,ROLLOVER
2026-04-23T11:44:22.795,518082,-6.35886318,107.29261256,-0.307,-8.990,-0.2283,-6.1055,-10.2610,11.9422,42.99,62.617,3.843,6.971,-0.0682,-2.1723,-8.7631,0.2567,-8.7714,-2.1244,ROLLOVER
2026-04-23T11:44:22.805,518092,-6.35886373,107.29261254,-0.309,-9.051,-0.2290,-6.1272,-10.3486,12.0287,43.30,62.626,3.845,6.969,-0.0706,-2.1615,-8.7678,0.2563,-8.7709,-2.1349,ROLLOVER
2026-04-23T11:44:22.814,518102,-6.35886429,107.29261252,-0.311,-9.113,-0.2296,-6.1489,-10.4363,12.1151,43.61,62.633,3.847,6.967,-0.0669,-2.1709,-8.7616,0.2589,-8.7699,-2.1221,ROLLOVER
2026-04-23T11:44:22.824,518113,-6.35886489,107.29261249,-0.314,-9.180,-0.2304,-6.1727,-10.5327,12.2104,43.96,62.645,3.851,6.968,-0.0708,-2.1675,-8.7708,0.2567,-8.7769,-2.1281,ROLLOVER
2026-04-23T11:44:22.835,518123,-6.35886545,107.29261247,-0.316,-9.242,-0.2311,-6.1944,-10.6203,12.2969,44.27,62.657,3.855,6.971,-0.0698,-2.1708,-8.7572,0.2568,-8.7669,-2.1169,ROLLOVER
2026-04-23T11:44:22.950,518132,-6.35886595,107.29261245,-0.318,-9.298,-0.2317,-6.2140,-10.6992,12.3750,44.55,62.673,3.863,6.978,-0.0693,-2.1730,-8.7647,0.2583,-8.7751,-2.1160,ROLLOVER
2026-04-23T11:44:22.950,518143,-6.35886657,107.29261243,-0.321,-9.367,-0.2326,-6.2378,-10.7956,12.4703,44.89,62.693,3.872,6.989,-0.0730,-2.1676,-8.7664,0.2565,-8.7749,-2.1190,ROLLOVER
2026-04-23T11:44:22.951,518152,-6.35886707,107.29261241,-0.323,-9.423,-0.2331,-6.2575,-10.8744,12.5484,45.17,62.713,3.881,7.001,-0.0651,-2.1843,-8.7559,0.2625,-8.7739,-2.0955,ROLLOVER
2026-04-23T11:44:22.951,518163,-6.35886769,107.29261239,-0.325,-9.492,-0.2339,-6.2812,-10.9709,12.6439,45.52,62.736,3.892,7.015,-0.0688,-2.1622,-8.7718,0.2638,-8.7785,-2.1192,ROLLOVER
2026-04-23T11:44:22.951,518173,-6.35886826,107.29261237,-0.328,-9.555,-0.2346,-6.3030,-11.0585,12.7308,45.83,62.753,3.901,7.024,-0.0704,-2.1725,-8.7643,0.2615,-8.7773,-2.1044,ROLLOVER
2026-04-23T11:44:22.951,518183,-6.35886883,107.29261235,-0.330,-9.618,-0.2353,-6.3246,-11.1462,12.8177,46.14,62.770,3.908,7.030,-0.0723,-2.1644,-8.7720,0.2620,-8.7810,-2.1128,ROLLOVER
2026-04-23T11:44:22.951,518192,-6.35886934,107.29261233,-0.332,-9.675,-0.2360,-6.3441,-11.2252,12.8960,46.43,62.780,3.913,7.033,-0.0746,-2.1618,-8.7711,0.2606,-8.7793,-2.1135,ROLLOVER
2026-04-23T11:44:22.951,518203,-6.35886997,107.29261230,-0.335,-9.745,-0.2368,-6.3680,-11.3216,12.9918,46.77,62.792,3.918,7.035,-0.0697,-2.1742,-8.7682,0.2644,-8.7829,-2.0986,ROLLOVER
2026-04-23T11:44:22.952,518213,-6.35887054,107.29261228,-0.337,-9.809,-0.2375,-6.3896,-11.4094,13.0789,47.08,62.804,3.922,7.037,-0.0728,-2.1587,-8.7764,0.2643,-8.7835,-2.1147,ROLLOVER
2026-04-23T11:44:22.952,518222,-6.35887106,107.29261226,-0.339,-9.866,-0.2381,-6.4091,-11.4882,13.1572,47.37,62.814,3.927,7.039,-0.0672,-2.1757,-8.7604,0.2673,-8.7774,-2.0901,ROLLOVER
2026-04-23T11:44:22.952,518233,-6.35887170,107.29261224,-0.342,-9.937,-0.2389,-6.4330,-11.5847,13.2531,47.71,62.827,3.933,7.043,-0.0702,-2.1648,-8.7738,0.2674,-8.7847,-2.1042,ROLLOVER
2026-04-23T11:44:22.954,518243,-6.35887228,107.29261222,-0.344,-10.001,-0.2396,-6.4547,-11.6724,13.3403,48.03,62.840,3.939,7.046,-0.0692,-2.1773,-8.7640,0.2670,-8.7822,-2.0866,ROLLOVER
2026-04-23T11:44:22.964,518252,-6.35887280,107.29261220,-0.346,-10.059,-0.2402,-6.4743,-11.7512,13.4188,48.31,62.853,3.943,7.050,-0.0645,-2.1726,-8.7643,0.2729,-8.7808,-2.0882,ROLLOVER
2026-04-23T11:44:22.975,518262,-6.35887338,107.29261218,-0.349,-10.124,-0.2409,-6.4959,-11.8390,13.5062,48.62,62.863,3.948,7.051,-0.0707,-2.1634,-8.7763,0.2693,-8.7876,-2.1010,ROLLOVER
2026-04-23T11:44:22.985,518273,-6.35887403,107.29261215,-0.352,-10.196,-0.2416,-6.5198,-11.9355,13.6023,48.97,62.875,3.952,7.052,-0.0686,-2.1756,-8.7720,0.2701,-8.7897,-2.0863,ROLLOVER
2026-04-23T11:44:22.994,518283,-6.35887461,107.29261213,-0.354,-10.261,-0.2423,-6.5415,-12.0232,13.6897,49.28,62.883,3.954,7.050,-0.0666,-2.1637,-8.7744,0.2741,-8.7867,-2.0963,ROLLOVER
2026-04-23T11:44:23.004,518292,-6.35887514,107.29261211,-0.356,-10.320,-0.2430,-6.5610,-12.1021,13.7684,49.57,62.891,3.956,7.049,-0.0718,-2.1749,-8.7697,0.2677,-8.7880,-2.0838,ROLLOVER
2026-04-23T11:44:23.014,518303,-6.35887579,107.29261209,-0.359,-10.392,-0.2437,-6.5849,-12.1987,13.8646,49.91,62.903,3.960,7.048,-0.0647,-2.1667,-8.7748,0.2767,-8.7891,-2.0905,ROLLOVER
2026-04-23T11:44:23.025,518313,-6.35887639,107.29261206,-0.361,-10.458,-0.2443,-6.6066,-12.2863,13.9521,50.23,62.915,3.965,7.052,-0.0666,-2.1769,-8.7667,0.2737,-8.7871,-2.0762,ROLLOVER
2026-04-23T11:44:23.035,518323,-6.35887698,107.29261204,-0.364,-10.525,-0.2449,-6.6284,-12.3740,14.0397,50.54,62.931,3.972,7.058,-0.0612,-2.1719,-8.7736,0.2810,-8.7914,-2.0806,ROLLOVER
2026-04-23T11:44:23.152,518333,-6.35885534,107.29261344,-0.209,-8.118,-0.1772,-5.6062,-12.3713,13.5834,48.90,56.213,5.178,6.650,-0.0558,-2.0342,-8.5111,0.4783,-8.1867,-3.0545,HARD_CORNER
2026-04-23T11:44:23.153,518343,-6.35884226,107.29261429,-0.116,-6.663,-0.1364,-4.9886,-12.3978,13.3645,48.11,52.085,5.895,6.331,-0.0415,-1.9351,-8.3571,0.6050,-7.7579,-3.6105,HARD_CORNER
2026-04-23T11:44:23.153,518352,-6.35884266,107.29261428,-0.117,-6.708,-0.1368,-5.0059,-12.4732,13.4409,48.39,52.099,5.902,6.336,-0.0440,-1.9244,-8.3687,0.6058,-7.7612,-3.6244,HARD_CORNER
2026-04-23T11:44:23.154,518363,-6.35884316,107.29261426,-0.118,-6.763,-0.1373,-5.0271,-12.5652,13.5342,48.72,52.111,5.910,6.339,-0.0437,-1.9332,-8.3635,0.6056,-7.7634,-3.6127,HARD_CORNER
2026-04-23T11:44:23.154,518372,-6.35884356,107.29261425,-0.120,-6.809,-0.1377,-5.0445,-12.6404,13.6105,49.00,52.121,5.914,6.340,-0.0421,-1.9293,-8.3621,0.6081,-7.7604,-3.6133,HARD_CORNER
2026-04-23T11:44:23.155,518383,-6.35884406,107.29261424,-0.121,-6.864,-0.1382,-5.0658,-12.7324,13.7039,49.33,52.130,5.919,6.340,-0.0472,-1.9366,-8.3630,0.6030,-7.7662,-3.6076,HARD_CORNER
2026-04-23T11:44:23.155,518393,-6.35884452,107.29261423,-0.122,-6.915,-0.1387,-5.0851,-12.8161,13.7888,49.64,52.140,5.921,6.339,-0.0444,-1.9263,-8.3729,0.6083,-7.7681,-3.6200,HARD_CORNER
2026-04-23T11:44:23.155,518403,-6.35884498,107.29261421,-0.124,-6.966,-0.1391,-5.1045,-12.8997,13.8736,49.94,52.146,5.926,6.338,-0.0412,-1.9395,-8.3569,0.6091,-7.7641,-3.5985,HARD_CORNER
2026-04-23T11:44:23.156,518412,-6.35884539,107.29261420,-0.125,-7.012,-0.1395,-5.1219,-12.9750,13.9500,50.22,52.156,5.931,6.339,-0.0430,-1.9342,-8.3628,0.6092,-7.7661,-3.6052,HARD_CORNER
2026-04-23T11:44:23.156,518423,-6.35884590,107.29261419,-0.127,-7.068,-0.1399,-5.1431,-13.0669,14.0434,50.56,52.168,5.937,6.342,-0.0420,-1.9317,-8.3623,0.6111,-7.7648,-3.6049,HARD_CORNER
2026-04-23T11:44:23.157,518432,-6.35884632,107.29261418,-0.128,-7.115,-0.1403,-5.1606,-13.1422,14.1198,50.83,52.178,5.942,6.345,-0.0447,-1.9425,-8.3645,0.6082,-7.7738,-3.5970,HARD_CORNER
2026-04-23T11:44:23.157,518443,-6.35884683,107.29261416,-0.129,-7.172,-0.1408,-5.1819,-13.2342,14.2132,51.17,52.190,5.947,6.348,-0.0388,-1.9345,-8.3606,0.6152,-7.7664,-3.5983,HARD_CORNER
2026-04-23T11:44:23.165,518453,-6.35884730,107.29261415,-0.131,-7.224,-0.1412,-5.2012,-13.3179,14.2982,51.47,52.199,5.952,6.348,-0.0418,-1.9312,-8.3723,0.6145,-7.7742,-3.6072,HARD_CORNER
2026-04-23T11:44:23.175,518462,-6.35884772,107.29261414,-0.132,-7.271,-0.1416,-5.2185,-13.3932,14.3747,51.75,52.207,5.955,6.347,-0.0414,-1.9289,-8.3711,0.6154,-7.7723,-3.6071,HARD_CORNER
2026-04-23T11:44:23.185,518472,-6.35884819,107.29261412,-0.134,-7.323,-0.1420,-5.2379,-13.4768,14.4596,52.05,52.216,5.958,6.345,-0.0396,-1.9403,-8.3598,0.6153,-7.7709,-3.5898,HARD_CORNER
2026-04-23T11:44:23.195,518483,-6.35884871,107.29261411,-0.135,-7.381,-0.1425,-5.2592,-13.5690,14.5532,52.39,52.226,5.964,6.345,-0.0443,-1.9325,-8.3763,0.6142,-7.7797,-3.6052,HARD_CORNER
2026-04-23T11:44:23.205,518492,-6.35884913,107.29261410,-0.136,-7.428,-0.1428,-5.2766,-13.6443,14.6297,52.67,52.237,5.970,6.348,-0.0406,-1.9352,-8.3670,0.6174,-7.7746,-3.5954,HARD_CORNER
2026-04-23T11:44:23.215,518503,-6.35884966,107.29261408,-0.138,-7.486,-0.1433,-5.2979,-13.7362,14.7232,53.00,52.253,5.981,6.356,-0.0399,-1.9406,-8.3595,0.6180,-7.7730,-3.5843,HARD_CORNER
2026-04-23T11:44:23.224,518513,-6.35865064,107.29261982,0.496,14.644,0.2983,10.3678,-9.1794,13.8507,49.86,-70.951,3.186,-10.935,0.0790,2.5574,-9.0253,0.0946,9.3637,-0.5608,ROLLOVER
2026-04-23T11:44:23.235,518523,-6.35864971,107.29261985,0.499,14.748,0.2991,10.3937,-9.2696,13.9299,50.15,-70.983,3.181,-10.954,0.0838,2.5862,-9.0256,0.0924,9.3739,-0.5283,ROLLOVER
2026-04-23T11:44:23.339,518532,-6.35864886,107.29261987,0.501,14.841,0.2999,10.4167,-9.3509,14.0013,50.40,-71.010,3.178,-10.969,0.0872,2.5634,-9.0312,0.0991,9.3720,-0.5462,ROLLOVER
2026-04-23T11:44:23.339,518543,-6.35864783,107.29261990,0.505,14.956,0.3008,10.4450,-9.4502,14.0888,50.72,-71.049,3.171,-10.985,0.0833,2.5698,-9.0318,0.0923,9.3749,-0.5351,ROLLOVER
2026-04-23T11:44:23.339,518553,-6.35864689,107.29261993,0.508,15.060,0.3017,10.4706,-9.5406,14.1685,51.01,-71.084,3.164,-10.997,0.0853,2.5606,-9.0339,0.0945,9.3743,-0.5381,ROLLOVER
2026-04-23T11:44:23.340,518562,-6.35864604,107.29261995,0.510,15.155,0.3025,10.4937,-9.6219,14.2405,51.27,-71.119,3.156,-11.003,0.0868,2.5723,-9.0383,0.0924,9.3826,-0.5227,ROLLOVER
2026-04-23T11:44:23.340,518573,-6.35864500,107.29261998,0.514,15.270,0.3034,10.5221,-9.7213,14.3286,51.58,-71.162,3.145,-11.011,0.0871,2.5758,-9.0357,0.0899,9.3817,-0.5117,ROLLOVER
2026-04-23T11:44:23.340,518582,-6.35864415,107.29262001,0.517,15.365,0.3041,10.5451,-9.8026,14.4008,51.84,-71.198,3.137,-11.016,0.0788,2.5600,-9.0371,0.0833,9.3781,-0.5225,ROLLOVER
2026-04-23T11:44:23.340,518593,-6.35864311,107.29262004,0.520,15.481,0.3051,10.5736,-9.9020,14.4894,52.16,-71.242,3.126,-11.022,0.0888,2.5883,-9.0390,0.0859,9.3897,-0.4878,ROLLOVER
2026-04-23T11:44:23.340,518603,-6.35864215,107.29262006,0.523,15.587,0.3059,10.5992,-9.9924,14.5700,52.45,-71.279,3.117,-11.028,0.0862,2.5675,-9.0424,0.0858,9.3864,-0.5026,ROLLOVER
2026-04-23T11:44:23.341,518612,-6.35864129,107.29262009,0.526,15.683,0.3067,10.6224,-10.0737,14.6427,52.71,-71.314,3.109,-11.035,0.0838,2.5788,-9.0393,0.0795,9.3874,-0.4860,ROLLOVER
2026-04-23T11:44:23.341,518623,-6.35864024,107.29262012,0.529,15.800,0.3077,10.6508,-10.1732,14.7319,53.03,-71.354,3.099,-11.045,0.0911,2.5789,-9.0448,0.0849,9.3931,-0.4799,ROLLOVER
2026-04-23T11:44:23.345,518633,-6.35863928,107.29262015,0.532,15.906,0.3085,10.6765,-10.2637,14.8130,53.33,-71.393,3.090,-11.051,0.0850,2.5719,-9.0477,0.0786,9.3938,-0.4821,ROLLOVER
2026-04-23T11:44:23.355,518642,-6.35863842,107.29262017,0.535,16.003,0.3094,10.6997,-10.3450,14.8862,53.59,-71.428,3.080,-11.055,0.0903,2.5767,-9.0424,0.0810,9.3907,-0.4691,ROLLOVER
2026-04-23T11:44:23.365,518653,-6.35863736,107.29262020,0.538,16.120,0.3103,10.7279,-10.4446,14.9758,53.91,-71.472,3.069,-11.056,0.0893,2.5645,-9.0539,0.0812,9.3981,-0.4771,ROLLOVER
2026-04-23T11:44:23.375,518663,-6.35863639,107.29262023,0.541,16.228,0.3112,10.7538,-10.5351,15.0575,54.21,-71.514,3.058,-11.058,0.0902,2.5899,-9.0475,0.0750,9.4005,-0.4444,ROLLOVER
2026-04-23T11:44:23.385,518673,-6.35863542,107.29262026,0.545,16.335,0.3121,10.7794,-10.6255,15.1392,54.50,-71.552,3.048,-11.062,0.0859,2.5635,-9.0494,0.0743,9.3941,-0.4642,ROLLOVER
2026-04-23T11:44:23.395,518682,-6.35863455,107.29262029,0.547,16.433,0.3129,10.8026,-10.7070,15.2130,54.77,-71.588,3.040,-11.068,0.0852,2.5816,-9.0520,0.0688,9.4026,-0.4426,ROLLOVER
2026-04-23T11:44:23.405,518693,-6.35863348,107.29262032,0.551,16.552,0.3139,10.8311,-10.8066,15.3033,55.09,-71.626,3.032,-11.080,0.0906,2.5839,-9.0538,0.0718,9.4055,-0.4337,ROLLOVER
2026-04-23T11:44:23.416,518702,-6.35863260,107.29262034,0.554,16.649,0.3146,10.8542,-10.8880,15.3773,55.36,-71.657,3.027,-11.092,0.0850,2.5736,-9.0546,0.0669,9.4031,-0.4397,ROLLOVER
2026-04-23T11:44:23.425,518713,-6.35863153,107.29262037,0.557,16.769,0.3156,10.8827,-10.9876,15.4681,55.69,-71.693,3.021,-11.111,0.0914,2.5898,-9.0557,0.0684,9.4097,-0.4180,ROLLOVER
2026-04-23T11:44:23.435,518723,-6.35863055,107.29262040,0.560,16.878,0.3166,10.9084,-11.0782,15.5506,55.98,-71.724,3.015,-11.125,0.0957,2.5712,-9.0617,0.0749,9.4097,-0.4313,ROLLOVER
2026-04-23T11:44:23.564,518732,-6.35862966,107.29262043,0.563,16.976,0.3174,10.9316,-11.1597,15.6250,56.25,-71.757,3.008,-11.137,0.0884,2.5816,-9.0584,0.0640,9.4100,-0.4168,ROLLOVER
2026-04-23T11:44:23.564,518743,-6.35862858,107.29262046,0.567,17.096,0.3184,10.9599,-11.2594,15.7161,56.58,-71.796,3.000,-11.146,0.0917,2.5694,-9.0649,0.0682,9.4127,-0.4230,ROLLOVER
2026-04-23T11:44:23.565,518753,-6.35862760,107.29262049,0.570,17.206,0.3193,10.9857,-11.3501,15.7991,56.88,-71.837,2.989,-11.151,0.0908,2.5837,-9.0664,0.0628,9.4189,-0.4038,ROLLOVER
2026-04-23T11:44:23.566,518762,-6.35862670,107.29262052,0.573,17.305,0.3201,11.0089,-11.4316,15.8739,57.15,-71.871,2.981,-11.157,0.0907,2.5757,-9.0640,0.0625,9.4144,-0.4049,ROLLOVER
2026-04-23T11:44:23.566,518773,-6.35862561,107.29262055,0.576,17.426,0.3211,11.0373,-11.5314,15.9655,57.48,-71.915,2.970,-11.163,0.0906,2.5775,-9.0703,0.0604,9.4212,-0.3980,ROLLOVER
2026-04-23T11:44:23.566,518782,-6.35862472,107.29262057,0.579,17.526,0.3219,11.0606,-11.6130,16.0406,57.75,-71.948,2.963,-11.171,0.0906,2.5907,-9.0681,0.0562,9.4236,-0.3796,ROLLOVER
2026-04-23T11:44:23.567,518792,-6.35862372,107.29262060,0.582,17.636,0.3228,11.0863,-11.7037,16.1241,58.05,-71.982,2.955,-11.181,0.0896,2.5731,-9.0715,0.0571,9.4215,-0.3917,ROLLOVER
2026-04-23T11:44:23.567,518803,-6.35862263,107.29262063,0.586,17.759,0.3238,11.1148,-11.8035,16.2162,58.38,-72.021,2.947,-11.195,0.0909,2.5938,-9.0721,0.0525,9.4288,-0.3661,ROLLOVER
2026-04-23T11:44:23.567,518812,-6.35862173,107.29262066,0.589,17.859,0.3247,11.1381,-11.8851,16.2917,58.65,-72.050,2.940,-11.204,0.0970,2.5813,-9.0773,0.0597,9.4301,-0.3734,ROLLOVER
2026-04-23T11:44:23.567,518823,-6.35862062,107.29262069,0.592,17.981,0.3257,11.1665,-11.9850,16.3840,58.98,-72.093,2.931,-11.216,0.0933,2.5822,-9.0777,0.0540,9.4310,-0.3664,ROLLOVER
2026-04-23T11:44:23.568,518832,-6.35861972,107.29262072,0.595,18.082,0.3265,11.1897,-12.0667,16.4596,59.25,-72.127,2.923,-11.222,0.0937,2.5783,-9.0781,0.0536,9.4304,-0.3647,ROLLOVER
2026-04-23T11:44:23.568,518843,-6.35861861,107.29262075,0.599,18.205,0.3276,11.2181,-12.1666,16.5523,59.59,-72.168,2.911,-11.227,0.0968,2.5903,-9.0850,0.0526,9.4410,-0.3481,ROLLOVER
2026-04-23T11:44:23.568,518853,-6.35861760,107.29262078,0.602,18.318,0.3285,11.2439,-12.2574,16.6366,59.89,-72.206,2.902,-11.236,0.0893,2.5790,-9.0814,0.0454,9.4342,-0.3530,ROLLOVER
2026-04-23T11:44:23.575,518862,-6.35861669,107.29262081,0.605,18.419,0.3293,11.2672,-12.3391,16.7127,60.17,-72.239,2.894,-11.243,0.0905,2.5894,-9.0838,0.0430,9.4399,-0.3384,ROLLOVER
2026-04-23T11:44:23.585,518872,-6.35861567,107.29262084,0.608,18.532,0.3302,11.2932,-12.4300,16.7973,60.47,-72.271,2.886,-11.256,0.0948,2.5960,-9.0876,0.0443,9.4458,-0.3273,ROLLOVER
2026-04-23T11:44:23.595,518883,-6.35861456,107.29262087,0.612,18.656,0.3312,11.3215,-12.5300,16.8905,60.81,-72.307,2.878,-11.273,0.0928,2.5790,-9.0926,0.0440,9.4455,-0.3393,ROLLOVER
2026-04-23T11:44:23.605,518892,-6.35861364,107.29262090,0.615,18.758,0.3321,11.3450,-12.6117,16.9669,61.08,-72.339,2.872,-11.288,0.0967,2.6038,-9.0867,0.0410,9.4477,-0.3085,ROLLOVER
2026-04-23T11:44:23.615,518903,-6.35861251,107.29262093,0.619,18.883,0.3332,11.3734,-12.7118,17.0603,61.42,-72.374,2.864,-11.302,0.0975,2.5870,-9.0936,0.0436,9.4493,-0.3204,ROLLOVER
2026-04-23T11:44:23.625,518913,-6.35861149,107.29262096,0.622,18.997,0.3342,11.3993,-12.8028,17.1454,61.72,-72.410,2.856,-11.312,0.1001,2.5855,-9.1037,0.0452,9.4588,-0.3185,ROLLOVER
